farm_act,go_blacksmith,go_storage,go_tower,go_alchimie,Pirate_1,Pirate_2,Pirate_boss,Wanderer_2,Wanderer_boss,Wanderer_1,go_map,Plague_1,Plague_2,debug,Plague_boss,Flash_1,Flash_2,Flash_boss,Hammer_2,Hammer_1,Hammer_boss,Brazier_1,Brazier_2,Brazier_boss,Air_1,Air_2,Air_boss,Greed_1,Greed_2,Greed_boss,Lighting_1,Lighting_2,Lighting_boss,Cycle_1,Cycle_2,Cycle_boss,Shepherd_1,Shepherd_2,Shepherd_boss,Casthor_1,Casthor_boss,Boreal_1,Boreal_boss,Hamal_1,Hamal_boss,Alyssa_1,Alyssa_boss,Vesper_1,Vesper_boss,Capri_1,Capri_boss,Miraseti_1,Miraseti_boss,Acuben_1,Acuben_boss,Aquilla_1,Aquilla_boss,Spica_1,Spica_boss,Leo_1,Leo_boss
"[1550, 260]","[1260, 90]","[1605, 60]","571,144","2050, 130","917,1144","1281,394","[700, 700]","750,900","1850,350","750,800","2050, 130","775,356",,,"770,1100","1864,411",,"2000,200","2350,750","600,500","800,450","1517,179","1250,250","700,1050","2040,938","1042,692","1600,250","1690,551","1833,1138","1600,400","1258,289","489,948","556,325","960,426","1883,1043","2000,200","2031,410 more","1283,1208","1725,446","1771,463",,"1836,258","480,480","856,323","1630,238","1801,305","1700,450","828,263","1580,430","1938,1079","1360,250","862,279","550,340","829,299","2100,1000","1867,282","560,250","752,424","700,375","1817,234","2000,200"
"[2000, 1150]","[1260, 90]","[1470, 577]","812,340","2050, 130","917,1143","1278,327","[700, 700]","750,900",,"750,800","2050, 130","725,290",,,"770,1100","1801,219",,"2000,200","1200,1200","600,500",,"905,248","1600,300","700,1050","2070,1000","1189,670","1800,700","1588,269","1905,1146",,"1122,128","878,1126","1629,400","594,405","2053,694","2000,200","2031,410","1283,1208","1445,385","2107,830",,"1914,417","480,480","643,381","1630,238","1872,406",,"681,422","1580,430","1938,1079","1360,250","624,465","550,340","614,504","2100,1000","1867,282","560,250","752,424","700,375","1877,363","2000,200"
"[2200, 1300]","[1050, 650]",,"1051,490","1700,130","809,879","1275,327","[700, 700]","750,1000",,"750,800","1700,130","841,208",,,,"1710,192",,,"1200,1200","600,1000",,"845,215","1600,300",,"2050,714","1390,1132",,"1344,290","2289,932",,"1016,131","878,1177","800,200","876,363","2058,692",,"2055,483","1283,1208","1367,317","1833,586",,"1526,156",,"1042,265",,"2170,939",,"681,422",,"2079,596",,"520,459",,"389,806",,"1867,282","560,250","752,424",,"1963,1067","2000,200"
"[2200, 150]",,,,"2050,330","812,760","1209,370","[700, 700]","750,1000",,"750,800","2050,330","821,173",,,,"704,317",,,"2100,600","600,1000",,"818,217","700,300",,"2050,800","1486,1144",,"1132,369","2002,439",,"738,152","778,1192",,"942,310","2133,628",,"2055,483","2152,1019","1650,477","1731,156",,"573,269",,"1339,211",,"1904,237",,"786,282",,"2079,596",,"992,292",,"418,827",,"1867,282",,"826,258",,"1976,500",
"[2200, 150]",,,,"2130,1172","812,745","1237,370","[700, 700]","700,700",,"750,800","1450,580","568,384","766,1115",,,"529,442",,,"2200,900","500,1000",,"475,394","800,250",,"2000,1000","1588,1120",,"1441,278","2295,653",,"451,402","650,1126",,"440,784","2099,956",,"2055,483","2094,1187","1738,708","1731,156",,"1041,254",,"1158,227",,"1416,171",,"1407,190",,"1482,215",,"1623,214",,"459,541",,"1992,457",,"826,258",,"1990,457",
"[2200, 150]",,,,,"831,552","1374,406","[1000, 450]","700,700",,"700,500",,"571,796","493,1146",,,"570,357",,,"2200,900","600,300",,"563,280","800,250",,"2050,800","1858,1163",,"1437,381","2132,1130",,"353,195","635,1161",,"467,428","2210,691",,"1890,364","1617,1236",,"2052,804",,"1876,370",,"574,528",,"1416,171",,"1480,243",,"1698,228",,"1098,203",,"706,370",,"1992,457",,"907,314",,"1878,328",
"[2200, 150]",,,,,"927,718","1375,406",,"700,700",,"700,500",,"586,476","564,1202",,,"790,248",,,"2200,900","600,1000",,"563,280","1900,300",,"2000,1000","2006,996",,"1434,318","2326,1032",,"1403,207","588,964",,"430,514","1852,509",,"1937,623","1582,1213",,"1567,1172",,"2041,424",,"627,1104",,"1976,518",,"1761,406",,"1942,317",,"1251,194",,"1392,293",,"1973,1158",,"1758,408",,"1803,292",
"[1640, 120]",,,,,"897,799","1467,441",,"700,500",,"700,500",,"529,521","599,1219",,,"913,213",,,"2200,900","1200,1200",,"1425,179","1900,300",,"2050,800","1998,448",,"1638,456","2115,622",,"1976,324","432,666",,"466,747","2092,645",,"1954,515","1623,1223",,"1567,1172",,"1716,319",,"496,682",,"1918,307",,"1816,356",,"2130,674",,"1458,182",,"1603,305",,"2174,691",,"1983,510",,"1570,289",
"[1640, 120]",,,,,"966,941","1656,441",,"700,700",,"700,500",,"728,1101","599,1217",,,"562,527",,,"2200,1100","1200,1200",,"1959,327","1900,1111",,"2050,800","1564,169",,"1825,635","1947,249",,"1286,195","642,336",,"481,518","1799,1106",,"1695,1167","1818,1270",,"1826,1103",,"1783,1160",,"721,286",,"1902,925",,"1511,215",,"1977,341",,"947,221",,"1368,241",,"2111,556",,"2019,651",,"1669,397",
"[1640, 120]",,,,,"1078,1012","1687,446",,"700,700",,"700,500",,"735,1151","599,1217",,,"833,1103",,,"2200,900","1000,1200",,"1959,327","1900,1111",,"2150,1050","1351,163",,"1893,574","1522,336",,"964,161","849,204",,"387,720","2176,717",,"1789,1212","1521,1189",,"1826,1103",,"1776,1156",,"501,543",,"2024,1099",,"1737,246",,"2102,677",,"1204,245",,"1368,241",,"2315,769",,"2037,423",,"1876,415",
"[2200, 150]",,,,,"1284,1067","1789,498",,"700,500",,"700,700",,"724,1188","452,1047",,,"767,1084",,,"2200,900","1000,1200",,"1959,327","1900,1111",,"1600,1200","1737,199",,"1800,486","1885,625",,"883,128","576,512",,"450,791","2007,390",,"1879,1277","1521,1189",,"1644,1103",,"1776,1156",,"1264,239",,"1352,1120",,"1889,1036",,"1811,313",,"583,454",,"1368,241",,"2209,935",,"1805,333",,"2042,507",
"[2200, 150]",,,,,"1405,1042","1740,625",,"700,500",,"700,700",,"536,1060","459,965",,,"600,996",,,"2200,900","1000,1200",,"1127,233","1900,900",,"2000,1000","1937,253",,"1749,484","2246,673",,"1887,188","1191,252",,"345,648","1830,1025",,"1879,1277","1354,1176",,"1325,230",,"1776,1156",,"1402,262",,"1244,1200",,"506,295",,"1008,187",,"636,635",,"1172,247",,"741,216",,"1821,393",,"1994,978",
"[1200, 50]",,,,,"1494,1054","1659,470",,"700,1000",,"700,700",,"476,659","522,518",,,"425,571",,,"2200,900","1300,1200",,"1023,135","1900,900",,"2000,700","2297,664",,"1716,480","1531,234",,"1757,94","1048,1158",,"747,1173","2041,403",,"1879,1277","1136,1156",,"1325,230",,"1776,1156",,"1867,449",,"1244,1200",,"801,288",,"838,286",,"596,936",,"1172,247",,"600,312",,"1956,763",,"1983,1071",
"[1200, 50]",,,,,"1522,1054","1759,410",,"1300,1000",,"700,300",,"740,232","470,773",,,"542,385",,,"2200,1100","1200,1200",,"1023,135","1900,1111",,"2050,800","2343,737",,"1865,910","1979,360",,"1164,214","1220,1164",,"477,835","2127,822",,"1451,1187","1120,1185",,"2070,678",,"2086,1006",,"925,188",,"1736,1121",,"1020,388",,"1496,222",,"568,674",,"417,524",,"600,312",,"1915,563",,"2131,654",
"[1200, 50]",,,,,"1522,1054","1755,424",,"1300,1000",,"700,700",,"731,355","652,1067",,,"827,322",,,"1750,1150","1200,1200",,"1235,163","1700,1250",,"2000,500","2385,818",,"2064,774","1917,414",,"410,292","516,1266",,"597,1098","2000,534",,"1164,1081","1264,1219",,"2070,678",,"2037,1185",,"889,306",,"1889,1079",,"1817,254",,"1957,511",,"589,997",,"528,971",,"694,176",,"424,472",,"1920,904",
"[1200, 50]",,,,,"1522,1054","1752,424",,"700,1000",,"750,800",,"731,341","766,1190",,,"1627,184",,,"2200,1100","1200,1200",,"1437,168","1700,1250",,"2000,700","2160,534",,"1737,323","2157,900",,"365,937","762,1232",,"614,1188","1727,263",,"1049,1152","1448,1185",,"2070,678",,"2037,1185",,"1123,289",,"1889,1079",,"1817,254",,"1921,351",,"564,1105",,"504,589",,"1921,391",,"595,388",,"1749,1024",
"[1200, 50]",,,,,"1522,1054","1110,362",,"700,1000",,"750,800",,"731,341","1125,953",,,"1559,235",,,"2100,500","750,1150",,"2073,442","1900,1111",,"600,900","2116,450",,"1856,436","2122,407",,"479,1136","779,1232",,"614,1188","1945,1095",,"1302,1176","1538,1185",,"1939,288",,"2064,518",,"546,656",,"1858,1078",,"1817,254",,"2044,695",,"764,1137",,"664,1009",,"855,217",,"740,314",,"1983,1003",
"[1200, 50]",,,,,"1454,1079","1067,396",,"1900,1000",,"750,800",,"1220,233","1017,1152",,,"995,204",,,"2100,500","750,1150",,"2040,302","1900,1111",,"600,900","1600,159",,"1831,428","1714,254",,"479,1136","947,1171",,"385,614","1926,431",,"1302,1176","1661,1115",,"1767,261",,"1850,251",,"670,535",,"1711,240",,"1817,254",,"2064,1003",,"764,1137",,"664,1009",,"442,803",,"621,408",,"1805,1030",
"[1200, 50]",,,,,"707,871","995,418",,"1300,1000",,"700,500",,"1699,289","1606,1219",,,"734,417",,,"2100,500","750,1150",,"2040,302","1250,250 entrop",,"600,700","1483,175",,"1366,239","785,233",,"396,672","1286,1188",,"887,282","2030,528",,"993,1166","1631,1096",,"1767,261",,"1638,235",,"874,213",,"1711,241",,"1826,260",,"1417,1186",,"842,582",,"648,1009",,"2200,372",,"577,884",,"452,844",
"[2200, 150]",,,,,"635,811","809,561",,"1300,1000",,"700,500",,"2048,471","1939,1007",,,"548,788",,,"2027,222","750,1150",,"2040,302","1250,1250",,"600,700","1314,171",,"920,222","742,1205",,"466,534","1286,1188",,"825,268","1972,957",,"465,953","1631,1096",,"2055,416",,"270,583",,"1151,297",,"1485,225",,"1913,591",,"916,1159",,"755,257",,"648,1009",,"2180,368",,"511,469",,"544,1157",
"[2200, 150]",,,,,"630,696","720,492",,"1300,1000",,"700,500",,"566,393","2146,1019",,,"521,782",,,"2027,222","750,1150",,"1992,209","1250,1250",,"600,700","1077,140",,"746,322","487,1128",,"466,534","793,1175",,"376,861","2132,753",,"465,953","1631,1096",,"1333,396",,"487,397",,"1790,318",,"859,205",,"1997,1162",,"1204,1151",,"1287,239",,"648,1009",,"2207,355",,"980,275",,"544,1157",
"[1800, 600]",,,,,"630,696","942,449",,"1300,1100",,"700,700",,"611,366","2180,1030",,,"710,994",,,"1800,222","600,600",,"1851,156","1250,1250",,"800,150","1672,219",,"542,979","588,403",,"522,949","1267,1200",,"914,1107","1702,221",,"1200,1200","1438,1129",,"1912,1298",,"679,289",,"1790,318",,"1861,407",,"1996,1162",,"1586,1126",,"1551,270",,"648,1009",,"1718,1140",,"1748,270",,"1952,1206",
"[1800, 600]",,,,,"630,696","933,449",,"1300,1100",,"750,800",,"991,204","1836,1147",,,"709,994",,,"1800,222","750,1150",,"1939,355","1250,1250",,"2100,400","1782,248",,"516,1029","548,426",,"468,503","1538,1220",,"1101,1206","1687,222",,"1320,1180","1438,1129",,"2037,1187",,"1304,229",,"1867,570",,"1888,371",,"1552,1140",,"2001,1154",,"1568,297",,"717,1106",,"2214,871",,"1668,251",,"1952,1206",
"[1800, 600]",,,,,"630,696","872,564",,"1300,1100",,"750,800",,"584,228","1948,1140",,,"361,517",,,"1800,222","750,1150",,"1839,235","1250,1250",,"2100,222","1929,428",,"474,804",,,"435,409","1950,1257",,"1101,1206","729,393",,"1320,1180","1438,1129",,"2156,682",,"1399,222",,"2051,645",,"702,244",,"2017,785",,"1863,963",,"737,353",,"1581,1142",,"2149,779",,"1668,251",,"1526,1121",
"[1800, 600]",,,,,"902,442","855,622",,"1300,1100",,"1300,300",,"584,228","1948,849",,,"627,311",,,"1800,222","500,700",,"1839,235","600,1000",,"850,150","1844,304",,"1001,407",,,"435,409","1950,1263",,"1174,1218","1225,233",,"1320,1180","1438,1129",,"1374,290",,"2146,720",,"2145,711",,"503,406",,,,,,,,"914,1144",,,,"752,310",,"1484,1127",
"[1800, 600]",,,,,"1257,313","903,769",,"1300,1100",,"700,500",,"505,306","1943,1227",,,"834,310",,,"2027,222","500,500",,"1797,249","1250,1250",,"1600,150","2147,523",,"729,377",,,"435,409","1890,1256",,"1949,1214","997,186",,"1398,1181","1457,1131",,"1373,318",,"2167,595",,,,"485,862",,,,,,,,"836,1162",,,,"752,310",,"1013,1109",
"[2200, 150]",,,,,"1420,314","978,823",,"1300,1100",,"1300,300",,"840,407","2005,1183",,,"789,264",,,"1600,222","500,700",,"513,1299","1250,1250",,"1600,150","2146,523",,"901,219",,,"469,380","1861,1252",,"2093,1093","453,619",,"1578,1063","1509,1144",,"1373,318",,"1383,212",,,,"563,343",,,,,,,,"836,1162",,,,"431,538",,"1786,1089",
"[1800, 600]",,,,,"1218,321","1059,939",,"1300,1100",,"700,700",,"1469,422","2029,1213",,,"855,254",,,"1600,222","450,450",,"302,1094","1250,1250",,"1600,150","1944,1098",,"1377,241",,,"1069,250","1861,1252",,"2093,1093","541,471",,"1839,1025","2124,1077",,"2110,812",,"1763,186",,,,"731,245",,,,,,,,"1638,1095",,,,"634,784",,"1740,1161",
"[1800, 900]",,,,,"1076,351","1087,945",,"1900,1100",,"750,800",,"526,715","2257,801",,,"1006,206",,,"2100,750","1500,222",,"288,804","1250,1250",,"1600,150","1944,1098",,"1611,234",,,"784,158","1861,1252",,"1757,1124","1015,234",,"1839,1025","2075,478",,,,"895,237",,,,"1038,262",,,,,,,,"924,1153",,,,,,"1740,1161",
"[1800, 600]",,,,,"944,433","1195,971",,"1600,1100",,"750,1000",,"612,307","1440,1119",,,"1581,270",,,"1400,1156","1300,222",,"294,872","1900,1000",,"1300,150","1183,1192",,"1904,331",,,"785,158","1371,1208",,"1271,1206","1524,191",,"1577,1088","2075,478",,,,"598,377",,,,"1038,262",,,,,,,,"1095,1084",,,,,,"1740,1161",
,,,,,"872,453","1219,971",,"1300,1100",,"750,1000",,"501,185","1440,1120",,,"1855,334",,,"800,1250","1600,222",,"305,622","1900,1000",,"2140,560","1649,1258",,"2017,684",,,"1818,285","1371,1208",,"1271,1206","2032,744",,"1547,1094","1978,619",,,,"439,492",,,,,,,,,,,,"1251,1105",,,,,,"2159,719",
,,,,,"860,453","1254,1002",,"1300,1100",,"1300,1100",,"1042,271","1559,1167",,,"1853,334",,,"800,1250","1300,222",,"615,1235","2000,500",,"2050,800","1628,1221",,"2017,684",,,"522,1065","662,1140",,"1244,1202","1927,422",,"1695,1133","1978,619",,,,,,,,,,,,,,,,"1251,1105",,,,,,,
,,,,,"860,453","1182,989",,"1300,1100",,"750,1000",,"1362,236","1573,1204",,,"1884,351",,,"1300,1145","700,200",,"433,1186","1250,250",,"2000,500","1628,1221",,"2094,832",,,"263,510","495,1154",,"615,1102","1420,239",,"1695,1133","2126,636",,,,,,,,,,,,,,,,"1780,1099",,,,,,,
,,,,,"906,412","1169,981",,"1600,1100",,"750,1000",,"1408,218","1620,1203",,,"1927,396",,,"1300,1145","600,700",,"445,1191","1700,250",,"2000,500","1652,1212",,"2127,768",,,"263,510","307,1193",,"1743,1209","1978,335",,"1695,1133","2038,933",,,,,,,,,,,,,,,,,,,,,,,
,,,,,"1105,372","1215,976",,"1600,1100",,"750,1000",,"1725,341","1620,1194",,,"1924,396",,,"1300,1145","500,880",,"316,970","2200,700",,"2000,500","1565,1210",,"2121,775",,,"304,471","435,1150",,"1441,1177","970,206",,"1521,1125","1946,476",,,,,,,,,,,,,,,,,,,,,,,
,,,,,"1242,342","1281,1018",,"1600,1100",,"750,1000",,"884,224","1435,1183",,,"2023,750",,,"1300,1145","600,1100",,"602,281","2100,900",,"2100,222","1506,1210",,"1756,1108",,,"609,430","572,984",,"1667,1213","201,894",,"1521,1127","1666,263",,,,,,,,,,,,,,,,,,,,,,,
,,,,,"1243,343","1324,1029",,"1300,1100",,"700,700",,"453,759","1435,1183",,,"1776,1094",,,"1300,1145","600,850",,"602,281","2100,222",,"2000,600","1678,1202",,"1872,1101",,,"1846,208","413,600",,"1994,999","375,1048",,"1521,1127","1791,248",,,,,,,,,,,,,,,,,,,,,,,
,,,,,"1095,1118","1326,1029",,"1300,1100",,"1300,300",,"315,876","1435,1183",,,"1843,1060",,,"1300,1145","600,1100",,"1861,173","2100,1200",,"2000,700","1927,969",,"1745,1168",,,"1409,234","552,524",,"2076,756","775,1195",,"1415,1184","1913,355",,,,,,,,,,,,,,,,,,,,,,,
,,,,,"1142,1208","1136,945",,"1300,1100",,"700,700",,"500,1125","1283,1195",,,"1843,1060",,,"1300,1145","600,1100",,"2125,497","2100,1200",,"2050,800","2078,887",,"1612,1179",,,"2015,264","918,386",,"2093,675","456,1331",,"1415,1184","1828,1165",,,,,,,,,,,,,,,,,,,,,,,
,,,,,"1002,1153","942,852",,"1200,1100",,"700,300",,"455,255","950,1159",,,"1835,1100",,,"1300,1145","600,1100",,"2264,634","2100,1200",,"2050,800","2220,883",,"1643,1156",,,"2014,264","674,272",,"2093,675","415,1223",,"1415,1184","2143,912",,,,,,,,,,,,,,,,,,,,,,,
,,,,,"881,1039","863,755",,"1200,1100",,"1300,300",,"1005,213","1181,1192",,,"1637,1098",,,"1300,1145","600,1100",,"1803,129","2200,700",,"2050,600","2261,800",,"1827,1120",,,"1984,292","651,350",,"1787,348","525,551",,"1728,1129","2143,937",,,,,,,,,,,,,,,,,,,,,,,
,,,,,"732,696","821,704",,"1000,1100",,"1900,300",,"1054,351","1346,1184",,,"1535,1152",,,"700,1200","1300,1145",,"1999,346","2200,700",,"2050,800","2112,567",,"1617,1203",,,"1983,294","831,209",,"1673,313","525,551",,"1900,766","1715,1212",,,,,,,,,,,,,,,,,,,,,,,
,,,,,"831,604","813,693",,"1300,1100",,"1900,300",,"466,683","1959,1072",,,"1725,1172",,,"700,1200","2050,1200",,"1999,346","600,1000",,"2000,500","1563,231",,"1581,1090",,,"1946,1236","1182,221",,"2191,869","652,329",,"1338,1154","1715,1212",,,,,,,,,,,,,,,,,,,,,,,
,,,,,"810,466","813,693",,"1900,700",,"1300,300",,"307,1095","2012,554",,,"1535,1118",,,"700,1200","1300,1145",,"1999,346","600,1000",,"2000,500","1206,231",,"1463,286",,,"2021,435","1576,296",,"2156,990","652,329",,"1485,1200","1715,1212",,,,,,,,,,,,,,,,,,,,,,,
,,,,,"934,441","814,694",,"1900,700",,"700,300",,"933,1167","1857,327",,,"1117,1084",,,"700,1200","2050,1200",,"223,902","700,1100",,"2000,222","858,204",,"956,238",,,"1871,157","1392,193",,"1673,1119","642,875",,"1638,1226","1325,1158",,,,,,,,,,,,,,,,,,,,,,,
,,,,,"900,387","825,721",,"1900,300",,"1300,300",,"820,1120","1559,334",,,"848,1152",,,"2200,900","1300,1145",,"455,465","600,1000",,"1900,222","709,253",,"912,240",,,"1648,121","1128,218",,"1673,1119","628,1118",,"2097,652","1411,1159",,,,,,,,,,,,,,,,,,,,,,,
,,,,,"899,387","829,751",,"1900,300",,"700,300",,"1283,1248","2007,451",,,"857,1160",,,"2200,900","1300,1145",,"455,465","700,1100",,"1250,200","709,253",,"1266,220",,,"1857,191","1127,219",,"1447,1162","624,1119",,"2097,652","1431,1159",,,,,,,,,,,,,,,,,,,,,,,
,,,,,"698,421","880,837",,"1900,700",,"700,300",,"692,1151","2064,697",,,"859,1151",,,"2100,750","1300,1145",,"564,802","700,1100",,"1400,200",,,"1927,739",,,"2271,712","621,333",,"1586,1162","624,1119",,"2097,652","1431,1159",,,,,,,,,,,,,,,,,,,,,,,
,,,,,"654,671","880,838",,"1900,300",,"1300,300",,"688,1232","1904,1003",,,"938,1148",,,"2200,900","1300,1145",,"404,771","700,1100",,"1250,200",,,"1983,927",,,"2271,712","608,379",,"1586,1162","595,1157",,"1849,343","1431,1159",,,,,,,,,,,,,,,,,,,,,,,
,,,,,"673,806","912,868",,"1900,700",,"1300,300",,"744,1268","1904,1003",,,"1254,1101",,,"2200,900","1300,1145",,"570,487","700,800",,"900,200",,,"1851,1030",,,"2049,1199","317,709",,"799,1198","337,523",,"2071,510","1431,1159",,,,,,,,,,,,,,,,,,,,,,,
,,,,,"720,895","873,723",,"1900,700",,"1400,300",,"1291,1283","1904,1003",,,"2109,1214",,,"1300,1145","1300,1145",,"469,1121","600,900",,"600,800",,,"2073,1060",,,"2049,1199","387,1011",,"799,1198","1023,286",,"1934,547","1461,1161",,,,,,,,,,,,,,,,,,,,,,,
,,,,,"759,902","951,557",,"1900,1000",,"1300,300",,"1298,1243","1712,1117",,,"2205,1190",,,"1300,1145","1300,1145",,"606,1352","700,1250",,"600,800",,,"2084,714",,,"1881,1247","709,885",,"1281,1164","1155,227",,"977,233","2022,1164",,,,,,,,,,,,,,,,,,,,,,,
,,,,,"743,948","1171,449",,"1900,1000",,"1900,300",,"930,1109","1713,1152",,,"2225,1075",,,"1300,1145","1300,1145",,"1456,1219","1400,1250",,"600,500",,,"1883,407",,,"875,1258","888,1102",,"1281,1164","1155,227",,"977,190","1608,1189",,,,,,,,,,,,,,,,,,,,,,,
,,,,,"600,867","1167,399",,"1900,1000",,"1900,700",,"1935,1282","1713,1153",,,"2002,347",,,"2050,1200","1300,1145",,"483,1266","1600,1200",,"600,600",,,"1651,242",,,"1474,1257","1073,1131",,"1850,1164","1155,227",,"977,190","1608,1189",,,,,,,,,,,,,,,,,,,,,,,
,,,,,"1239,1199","957,477",,"1900,1000",,"1900,300",,"2060,1222","1713,1153",,,"2002,347",,,"2050,1200","2100,750",,"813,396","1600,1200",,"600,600",,,"1561,241",,,"1399,1257","1022,1161",,"1340,1272","1914,405",,"977,190","1608,1189",,,,,,,,,,,,,,,,,,,,,,,
,,,,,"773,462","876,835",,"1900,1000",,"1300,300",,"1901,1267","1989,497",,,"2002,347",,,"2050,1200","2100,750",,"623,388","2100,1200",,"600,600",,,"1240,173",,,"610,1271","1138,1163",,"824,1063","1727,226",,"977,190","1608,1189",,,,,,,,,,,,,,,,,,,,,,,
,,,,,"771,433","898,904",,"1300,1000",,"1900,300",,"1835,1166","1772,389",,,"1941,329",,,"2050,1200","400,900",,"1207,220","1900,400",,"600,300",,,"1295,168",,,"1186,1200","833,1168",,"840,1086","1356,271",,"977,190","431,1081",,,,,,,,,,,,,,,,,,,,,,,
,,,,,"801,348","791,795",,"1300,1000",,"1900,1000",,"1822,1033","1693,318",,,"1873,313",,,"2050,1000","600,700",,"1699,195","1900,400",,"1000,250",,,"1224,171",,,"1946,1242","504,1068",,"1353,1104","1356,271",,"2025,510","431,1081",,,,,,,,,,,,,,,,,,,,,,,
,,,,,"873,449","761,720",,"1300,1000",,"1900,1000",,"1783,1043","1580,305",,,"1873,313",,,"2050,1200","400,900",,"1939,213","1900,400",,"1000,250",,,"1351,273",,,"865,1237","546,695",,"1437,1209","583,607",,"2025,510","431,1081",,,,,,,,,,,,,,,,,,,,,,,
,,,,,"788,752","801,707",,"1900,700",,"1900,1000",,"1775,890","1580,305",,,"1921,533",,,"2050,1200","400,900",,"916,175","1900,400",,"800,250",,,"1805,393",,,"1909,1254","410,924",,"1169,1175","417,457",,"2025,510","431,1081",,,,,,,,,,,,,,,,,,,,,,,
,,,,,"672,645","825,732",,"1900,300",,"1900,1000",,"1218,1142","794,275",,,"1934,359",,,"1300,1145","400,700",,"1630,156","2200,660",,"800,250",,,"1912,693",,,"2038,1195","475,1089",,"486,1025","724,266",,"2025,510","431,1081",,,,,,,,,,,,,,,,,,,,,,,
,,,,,"696,968","862,838",,"1900,700",,"1900,1000",,"1251,1220","794,275",,,"1933,359",,,"2050,1200","400,700",,"625,156","2200,660",,"800,250",,,"1906,540",,,"2038,1195","477,1096",,"554,479","1651,219",,"2025,510","431,1081",,,,,,,,,,,,,,,,,,,,,,,
,,,,,"860,1067","936,988",,"1900,700",,"1300,700",,"1264,1164","794,275",,,"1628,285",,,"2050,1000","400,700",,"625,156","2200,660",,"600,300",,,"1212,246",,,"2038,1195","530,1133",,"527,472","2112,582",,"1897,889","559,672",,,,,,,,,,,,,,,,,,,,,,,
,,,,,"831,1084","984,900",,"1900,600",,"1300,1000",,"1236,652","794,275",,,"1755,295",,,"2100,750","400,900",,"538,291","2200,660",,"600,900",,,"1080,301",,,"2038,1195","722,1205",,"527,472","2090,826",,"1910,1077","347,1149",,,,,,,,,,,,,,,,,,,,,,,
,,,,,"710,1156","984,900",,"1900,700",,"700,1000",,"612,791","1556,222",,,"1827,364",,,"2050,1200","2050,1200",,"498,251","600,1200",,"600,800",,,"716,432",,,"2038,1195","657,1231",,"263,958","2065,533",,"2022,1065","347,1149",,,,,,,,,,,,,,,,,,,,,,,
,,,,,"742,1138","984,900",,"1900,700",,"1300,300",,"1708,1172","1241,176",,,"1693,277",,,"2100,750","2050,600",,"544,231","600,1200",,"600,1000",,,"1014,447",,,"2140,728","1154,1191",,"426,942","2051,690",,"2022,1065","347,1149",,,,,,,,,,,,,,,,,,,,,,,
,,,,,"1398,1137","923,830",,"1900,700",,"1300,1000",,"1368,757","1241,176",,,"1693,277",,,"400,900","2050,1200",,"444,965","600,1200",,"1000,1250",,,"1269,218",,,"1911,168","1154,1191",,"572,871","2051,690",,"1858,1053","347,1149",,,,,,,,,,,,,,,,,,,,,,,
,,,,,"1589,1124","1579,446",,"1900,700",,"1300,1100",,"1431,742","995,249",,,"1824,427",,,"600,700","1600,1200",,"328,1125","600,1200",,"600,900",,,"840,409",,,"1911,168","1816,1196",,"511,1088","2028,551",,"1858,1053","347,1149",,,,,,,,,,,,,,,,,,,,,,,
,,,,,"652,768","1579,446",,"1900,700",,"700,1000",,"1917,684","991,249",,,"1824,427",,,"400,700","1111,1145",,"460,1267","1111,1250",,"600,1000",,,"508,711",,,"1911,168","1949,857",,"431,1159","2106,804",,"1858,1053","417,422",,,,,,,,,,,,,,,,,,,,,,,
,,,,,"831,1072","1455,405",,"1900,1000",,"1300,1100",,"1287,906","577,357",,,"1913,644",,,"400,700","1111,1145",,"508,1286","1111,1250",,"600,1000",,,"1040,428",,,"1913,331","1872,981",,"602,817","2153,707",,"1858,1053","486,299",,,,,,,,,,,,,,,,,,,,,,,
,,,,,"833,1064","1542,430",,"1900,1000",,"1300,1100",,"1287,906",,,,"2003,913",,,"400,700","1111,1145",,"726,1283","600,1200",,"1333,1250",,,"1469,299",,,"1268,96","1923,1032",,"505,1183","1693,387",,"1946,629","541,387",,,,,,,,,,,,,,,,,,,,,,,
,,,,,"883,1062","1512,426",,"1900,1000",,"1300,1100",,"639,540",,,,"2003,913",,,"400,900","1111,1145",,"726,1283","1111,1250",,"1333,1250",,,"1619,393",,,"608,266","2005,1068",,"538,910","1693,387",,"1946,629","541,387",,,,,,,,,,,,,,,,,,,,,,,
,,,,,"867,984","1511,426",,"1900,1000",,"700,1000",,"521,858",,,,"2003,913",,,"400,900","1111,1145",,"726,1283","1111,1250",,"1333,1250",,,"1868,805",,,"526,215","2073,922",,"616,868","1959,592",,"1979,471","434,500",,,,,,,,,,,,,,,,,,,,,,,
,,,,,"692,906","1677,582",,"1900,1000",,"700,1000",,"516,996",,,,"2171,617",,,"2050,1200","1111,1145",,,"600,500",,"1333,1250",,,"2066,734",,,"724,231","1982,497",,"675,431","1995,847",,"1979,471",,,,,,,,,,,,,,,,,,,,,,,,
,,,,,"1309,1171","1680,720",,"700,300",,"1300,1100",,"930,1087",,,,"1839,273",,,"2050,1200","1300,1145",,,"600,900",,"1333,1250",,,"2169,738",,,"724,231","1731,209",,"675,431","2162,917",,"1939,308",,,,,,,,,,,,,,,,,,,,,,,,
,,,,,"1323,1117","1690,757",,"1200,250",,"1300,1100",,"896,1071",,,,"1444,158",,,"1300,1145","1300,1145",,,"600,900",,"1111,1200",,,"2208,681",,,"1223,183","1731,209",,"590,668","1997,1222",,"1998,635",,,,,,,,,,,,,,,,,,,,,,,,
,,,,,"1447,1081","1658,716",,"1200,250",,"1900,800",,"805,1083",,,,"1062,158",,,"1111,1145","1300,1145",,,"600,1111",,"1111,1200",,,"2133,582",,,"1786,228","1894,705",,"584,1056","1319,1152",,"1970,405",,,,,,,,,,,,,,,,,,,,,,,,
,,,,,"1722,1077","1595,549",,"700,300",,"1300,1100",,"917,1156",,,,"748,191",,,"1111,1145","1623,1250",,,"700,1111",,"1111,1200",,,"1117,796",,,"1338,203","1911,1133",,"584,1056","1743,1183",,"1970,405",,,,,,,,,,,,,,,,,,,,,,,,
,,,,,"1663,1097","1565,966",,"700,300",,"1900,700",,"1046,1149",,,,"438,629",,,"1300,1145","1623,1250",,,"600,900",,"600,1111",,,"986,1174",,,"1562,146","1707,1203",,"584,1056","1475,1170",,"1970,405",,,,,,,,,,,,,,,,,,,,,,,,
,,,,,"1663,1097","1565,966",,"600,600",,"1900,700",,"1160,1144",,,,"461,900",,,"1111,1145","1623,1250",,,"600,900",,"600,1111",,,,,,"1795,236","1575,1198",,"584,1056","1475,1170",,"1970,405",,,,,,,,,,,,,,,,,,,,,,,,
,,,,,"1723,1015","1565,966",,"700,300",,"1900,700",,"1159,1109",,,,"432,719",,,"1111,1145","1111,1111",,,"800,1111",,"600,600",,,,,,"1993,317","1198,1183",,"1772,1165","2036,983",,"1970,405",,,,,,,,,,,,,,,,,,,,,,,,
,,,,,"1749,975","1683,746",,"700,300",,"1900,1000",,"472,871",,,,"514,451",,,"1111,1145","600,300",,,"800,1111",,"600,700",,,,,,"1945,375","1198,1183",,"1327,1112","2102,947",,"2126,791",,,,,,,,,,,,,,,,,,,,,,,,
,,,,,"1566,1054","1707,596",,"700,300",,"1900,700",,"526,1132",,,,"514,451",,,"1111,1145","900,300",,,"1300,1200",,"600,700",,,,,,"2010,1170","1253,1187",,"1327,1112","2098,912",,"1899,350",,,,,,,,,,,,,,,,,,,,,,,,
,,,,,"1494,1069","1601,455",,"700,300",,"1900,700",,"758,1201",,,,"687,1142",,,"1300,1145","900,300",,,"2200,1111",,"600,900",,,,,,"2020,1293","1253,1187",,"1327,1112","2013,719",,"1358,241",,,,,,,,,,,,,,,,,,,,,,,,
,,,,,"1343,1020","1595,457",,"700,300",,"1900,700",,"805,1237",,,,"687,1142",,,"1623,1250","600,600",,,"2200,1111",,"600,700",,,,,,"2020,1293","822,1079",,"1340,1142","1735,377",,"988,248",,,,,,,,,,,,,,,,,,,,,,,,
,,,,,"1552,318","1555,471",,"1900,300",,"1900,800",,"988,1208",,,,"687,1142",,,"1623,1250","1300,1145",,,"1300,1200",,"600,900",,,,,,"2133,741","822,1079",,"1764,1164","1735,377",,"988,248",,,,,,,,,,,,,,,,,,,,,,,,
,,,,,"1302,398","1555,471",,"1900,300",,"1900,800",,"903,1184",,,,"687,1142",,,"1623,1250","600,1000",,,"1600,1250",,"600,900",,,,,,"1967,357","1888,1244",,"1764,1164","1735,377",,"988,248",,,,,,,,,,,,,,,,,,,,,,,,
,,,,,"1686,459","1535,462",,"1900,300",,"1900,700",,"507,879",,,,"521,877",,,"1623,1250","600,1000",,,"1600,1250",,"900,1111",,,,,,,"1945,1246",,"1146,1130","1600,272",,"988,248",,,,,,,,,,,,,,,,,,,,,,,,
,,,,,"1759,414","1476,422",,"1900,700",,"1900,700",,"507,880",,,,"602,318",,,"1111,1111","600,1200",,,"1600,1250",,"900,1111",,,,,,,"2230,1018",,"1373,1144","1600,272",,"988,248",,,,,,,,,,,,,,,,,,,,,,,,
,,,,,"1767,497","1578,502",,"1900,1200",,"1900,700",,"489,898",,,,"798,317",,,"600,300","600,1000",,,"1600,1250",,"900,1111",,,,,,,"2016,1078",,"1753,1112","1495,233",,"988,248",,,,,,,,,,,,,,,,,,,,,,,,
,,,,,"1779,505","1602,570",,"1900,1200",,"1900,700",,"471,913",,,,"764,299",,,"900,300","600,1000",,,"1600,1250",,"1111,1250",,,,,,,"2221,925",,"1753,1112","1381,303",,"988,248",,,,,,,,,,,,,,,,,,,,,,,,
,,,,,"1680,499","1656,665",,"1900,1200",,"1900,1000",,"415,517",,,,"764,299",,,"1623,1250 en trop","600,700",,,"2200,700",,"1300,1250",,,,,,,"2202,732",,"1931,449","1501,302",,"988,248",,,,,,,,,,,,,,,,,,,,,,,,
,,,,,"1747,857","1654,648",,"1600,1250",,"1300,1100",,"508,280",,,,"764,299",,,"900,300","600,300",,,"1900,1100",,"1111,1250",,,,,,,"2122,794",,"1931,449","1120,268",,"709,312",,,,,,,,,,,,,,,,,,,,,,,,
,,,,,"1833,914","1654,648",,"1600,1250",,"1900,1000",,"546,309",,,,"764,299",,,"900,300","600,500",,,"1200,1250",,,,,,,,,"2119,914",,"1931,449","863,353",,"628,392",,,,,,,,,,,,,,,,,,,,,,,,
,,,,,"1835,871","1632,663",,"1600,1250",,"1900,1000",,"471,269",,,,"2002,744",,,"600,600","1111,222",,,"1200,1250",,,,,,,,,"2122,961",,"1949,899","385,794",,"542,575",,,,,,,,,,,,,,,,,,,,,,,,
,,,,,"1650,983","1515,495",,"1900,1250",,"1300,1100",,"691,447",,,,"1883,349",,,"600,1000","1111,222",,,"1200,1250",,,,,,,,,"2044,714",,"1949,899","342,769",,"466,653",,,,,,,,,,,,,,,,,,,,,,,,
,,,,,"1833,831","1503,450",,"1900,700",,"1900,1000",,"562,457",,,,"1883,349",,,"600,1000","1111,222",,,"900,1250",,,,,,,,,"1801,240",,"1822,1042","378,463",,"466,653",,,,,,,,,,,,,,,,,,,,,,,,
,,,,,"1475,423","1452,440",,"1900,300",,"1900,300",,"695,209",,,,"1830,334",,,"600,1000","600,222",,,"1200,1250",,,,,,,,,"1979,469",,"1822,1042","1532,246",,"930,271",,,,,,,,,,,,,,,,,,,,,,,,
,,,,,"1377,319","1353,407",,"1100,250",,"1300,200",,"1463,176",,,,"1822,311",,,"600,1200","600,350",,,"900,1250",,,,,,,,,"1932,879",,"2107,1065","1598,195",,"940,293",,,,,,,,,,,,,,,,,,,,,,,,
,,,,,"1620,343","1071,465",,"1900,1000",,"1900,800",,,,,,"2007,542",,,"600,1000","600,350",,,"600,900",,,,,,,,,"2095,1131",,"2241,752","1598,195",,"685,496",,,,,,,,,,,,,,,,,,,,,,,,
,,,,,"1786,503","917,499",,"1900,1000",,"1900,800",,,,,,"1896,969",,,"600,1000","600,350",,,"600,300",,,,,,,,,"2200,993",,"2241,752","1089,318",,"899,332",,,,,,,,,,,,,,,,,,,,,,,,
,,,,,"1798,557","918,499",,"2200,900",,"1900,800",,,,,,"1976,900",,,"600,300","600,350",,,"600,300",,,,,,,,,"1791,1060",,"2241,752","967,294",,"590,521",,,,,,,,,,,,,,,,,,,,,,,,
,,,,,"1605,364","994,494",,"2200,900",,"1900,800",,,,,,"1585,1076",,,"600,1000 dangereux","600,350",,,"600,300",,,,,,,,,"748,1093",,"2241,752","994,365",,"515,836",,,,,,,,,,,,,,,,,,,,,,,,
,,,,,"1675,439","987,504",,"1900,300",,"1900,800",,,,,,"1585,1076",,,"1111,222","600,350",,,"600,300",,,,,,,,,"788,1177",,"967,1233","465,1190",,"511,1071",,,,,,,,,,,,,,,,,,,,,,,,
,,,,,"1755,886","1030,522",,"1300,200",,"1900,800",,,,,,,,,"1111,222","600,700",,,,,,,,,,,,"766,1217",,"1007,1166","582,1234",,"511,1071",,,,,,,,,,,,,,,,,,,,,,,,
,,,,,"1748,911","1224,353",,"1300,200",,"1900,1000",,,,,,,,,"1111,222","1300,1145",,,,,,,,,,,,"1489,1196",,"1264,1205","721,1246",,"511,1071",,,,,,,,,,,,,,,,,,,,,,,,
,,,,,"1517,998","1218,438",,"1111,250",,"1300,200",,,,,,,,,"600,222","400,1111",,,,,,,,,,,,"1489,1196",,"1264,1205","717,1253",,"511,1071",,,,,,,,,,,,,,,,,,,,,,,,
,,,,,"1415,1018","914,511",,"1111,250",,"1900,800",,,,,,,,,"1111,222","400,1111",,,,,,,,,,,,"1489,1196",,"1264,1205","475,965",,"511,1071",,,,,,,,,,,,,,,,,,,,,,,,
,,,,,"1377,1039","897,673",,"600,300",,"1900,800",,,,,,,,,"600,222","2000,1111",,,,,,,,,,,,"1616,1217",,"1264,1205","542,638",,"511,1071",,,,,,,,,,,,,,,,,,,,,,,,
,,,,,"1456,1058","924,846",,"400,700",,"1900,800",,,,,,,,,"600,222","1300,1145",,,,,,,,,,,,"1275,1166",,"1264,1205","542,638",,"511,1071",,,,,,,,,,,,,,,,,,,,,,,,
,,,,,"1367,1093","1065,979",,"400,700",,"1900,800",,,,,,,,,"600,350","1623,1250",,,,,,,,,,,,"1114,1169",,"1264,1205","542,638",,"856,229",,,,,,,,,,,,,,,,,,,,,,,,
,,,,,"1554,1119","1091,971",,"1300,200",,"1900,800",,,,,,,,,"600,350","1623,1250",,,,,,,,,,,,"899,1170",,"660,1047","1250,257",,"1170,194",,,,,,,,,,,,,,,,,,,,,,,,
,,,,,"1681,1099","1091,971",,"1300,200",,"1900,800",,,,,,,,,"600,350","1200,222",,,,,,,,,,,,"580,1073",,"678,1088","799,332",,"791,234",,,,,,,,,,,,,,,,,,,,,,,,
,,,,,"1650,1099","963,878",,"400,700",,"1300,200",,,,,,,,,"600,700","810,280",,,,,,,,,,,,"548,1128",,"899,1048","799,332",,"791,234",,,,,,,,,,,,,,,,,,,,,,,,
,,,,,"1640,1132","854,744",,"400,700",,"1300,200",,,,,,,,,"400,1111","810,280",,,,,,,,,,,,"1664,1201",,"899,1048","799,332",,"1751,224",,,,,,,,,,,,,,,,,,,,,,,,
,,,,,"1404,1145","870,880",,"400,700",,"700,300",,,,,,,,,"400,1111","810,280",,,,,,,,,,,,"2074,1063",,"731,1044","1468,262",,"1751,224",,,,,,,,,,,,,,,,,,,,,,,,
,,,,,"1068,1143","1017,979",,"400,1111",,"700,300",,,,,,,,,"1300,1145","810,480",,,,,,,,,,,,"2074,1063",,"669,1010","1833,241",,"1751,224",,,,,,,,,,,,,,,,,,,,,,,,
,,,,,"927,1073","813,770",,,,"700,700",,,,,,,,,"1300,1145","600,222",,,,,,,,,,,,"2178,823",,"1099,1109","1833,241",,"1689,741",,,,,,,,,,,,,,,,,,,,,,,,
,,,,,"798,948","769,657",,,,"700,700",,,,,,,,,"1623,1250","600,222",,,,,,,,,,,,,,"1047,1164","1296,220",,"2156,966",,,,,,,,,,,,,,,,,,,,,,,,
,,,,,"846,733","909,801",,,,"700,700",,,,,,,,,"1623,1250","600,222",,,,,,,,,,,,,,"791,1119","1296,220",,"2061,600",,,,,,,,,,,,,,,,,,,,,,,,
,,,,,"858,755","909,804",,,,"1300,200",,,,,,,,,"1300,1145","1300,222",,,,,,,,,,,,,,"581,993","1427,266",,"1739,291",,,,,,,,,,,,,,,,,,,,,,,,
,,,,,"926,857","925,826",,,,"700,300",,,,,,,,,"1200,222","1300,222",,,,,,,,,,,,,,"574,908","1427,266",,"2166,974",,,,,,,,,,,,,,,,,,,,,,,,
,,,,,"993,1000","731,680",,,,"1300,200",,,,,,,,,"810,280","1300,222",,,,,,,,,,,,,,"574,908","1077,592",,"2030,566",,,,,,,,,,,,,,,,,,,,,,,,
,,,,,"1014,1036","822,814",,,,"700,300",,,,,,,,,"810,280","2200,600",,,,,,,,,,,,,,"749,413","2123,734",,"1849,317",,,,,,,,,,,,,,,,,,,,,,,,
,,,,,"771,742","929,947",,,,"700,700",,,,,,,,,"810,280","2200,600",,,,,,,,,,,,,,"703,448","2115,731",,"2192,629",,,,,,,,,,,,,,,,,,,,,,,,
,,,,,"1067,1159","927,947",,,,"700,700",,,,,,,,,"810,480","2200,600",,,,,,,,,,,,,,"813,361","2067,825",,"2034,428",,,,,,,,,,,,,,,,,,,,,,,,
,,,,,"1056,1162","927,947",,,,"700,700",,,,,,,,,"600,222","2200,600",,,,,,,,,,,,,,"542,821","2035,873",,,,,,,,,,,,,,,,,,,,,,,,,,
,,,,,"803,1077","940,944",,,,"700,1000",,,,,,,,,"600,222","1900,1150",,,,,,,,,,,,,,"542,821","2055,873",,,,,,,,,,,,,,,,,,,,,,,,,,
,,,,,"882,1101","920,906",,,,"700,1000",,,,,,,,,"600,222","1900,1150",,,,,,,,,,,,,,"542,821","1942,497",,,,,,,,,,,,,,,,,,,,,,,,,,
,,,,,"1000,1054","920,906",,,,"700,1000",,,,,,,,,"1300,222","1900,1150",,,,,,,,,,,,,,"460,456","1927,508",,,,,,,,,,,,,,,,,,,,,,,,,,
,,,,,"638,709","920,906",,,,"1300,1100",,,,,,,,,"1300,222","1900,1150",,,,,,,,,,,,,,"697,921","1973,946",,,,,,,,,,,,,,,,,,,,,,,,,,
,,,,,"698,573","920,906",,,,"1300,1100",,,,,,,,,"1300,222","1530,1150",,,,,,,,,,,,,,"631,941","1905,486",,,,,,,,,,,,,,,,,,,,,,,,,,
,,,,,"567,424","1374,1089",,,,,,,,,,,,,"2200,600 Ctrl C","1900,1150",,,,,,,,,,,,,,"617,955","2057,792",,,,,,,,,,,,,,,,,,,,,,,,,,
,,,,,"815,1111","1417,1062",,,,,,,,,,,,,"2200,600","1900,1150",,,,,,,,,,,,,,"554,1181","2057,792",,,,,,,,,,,,,,,,,,,,,,,,,,
,,,,,"507,769","1419,1062",,,,,,,,,,,,,"2200,600","1900,1150",,,,,,,,,,,,,,"478,1006","1916,984",,,,,,,,,,,,,,,,,,,,,,,,,,
,,,,,"903,1108","1488,1032",,,,,,,,,,,,,"1900,1150","2000,1150",,,,,,,,,,,,,,"721,407","1918,972",,,,,,,,,,,,,,,,,,,,,,,,,,
,,,,,"906,1091","1139,363",,,,,,,,,,,,,"1900,1150","2000,1150",,,,,,,,,,,,,,,"2100,1009",,,,,,,,,,,,,,,,,,,,,,,,,,
,,,,,"948,1108","1140,366",,,,,,,,,,,,,"1900,1150","2000,1150",,,,,,,,,,,,,,,"2100,1009",,,,,,,,,,,,,,,,,,,,,,,,,,
,,,,,"761,1056","1140,366",,,,,,,,,,,,,"1900,1150","1900,1150",,,,,,,,,,,,,,,"2104,634",,,,,,,,,,,,,,,,,,,,,,,,,,
,,,,,"951,1133","1046,425",,,,,,,,,,,,,"1530,1150",,,,,,,,,,,,,,,,"2047,541",,,,,,,,,,,,,,,,,,,,,,,,,,
,,,,,"975,1097","986,435",,,,,,,,,,,,,"1900,1150",,,,,,,,,,,,,,,,,,,,,,,,,,,,,,,,,,,,,,,,,,
,,,,,"861,985","968,451",,,,,,,,,,,,,"1900,1150",,,,,,,,,,,,,,,,,,,,,,,,,,,,,,,,,,,,,,,,,,
,,,,,"758,828","873,549",,,,,,,,,,,,,"1900,1150",,,,,,,,,,,,,,,,,,,,,,,,,,,,,,,,,,,,,,,,,,
,,,,,"1935,717","1002,504",,,,,,,,,,,,,"2000,1150",,,,,,,,,,,,,,,,,,,,,,,,,,,,,,,,,,,,,,,,,,
,,,,,"1767,351","1039,507",,,,,,,,,,,,,"2000,1150",,,,,,,,,,,,,,,,,,,,,,,,,,,,,,,,,,,,,,,,,,
,,,,,"1770,422","1025,422",,,,,,,,,,,,,"2000,1150",,,,,,,,,,,,,,,,,,,,,,,,,,,,,,,,,,,,,,,,,,
,,,,,"1757,518","1025,422",,,,,,,,,,,,,"1900,1150",,,,,,,,,,,,,,,,,,,,,,,,,,,,,,,,,,,,,,,,,,
,,,,,"1755,755","1305,405",,,,,,,,,,,,,,,,,,,,,,,,,,,,,,,,,,,,,,,,,,,,,,,,,,,,,,,
,,,,,"1861,811","1629,430",,,,,,,,,,,,,,,,,,,,,,,,,,,,,,,,,,,,,,,,,,,,,,,,,,,,,,,
,,,,,"1860,811","1698,507",,,,,,,,,,,,,,,,,,,,,,,,,,,,,,,,,,,,,,,,,,,,,,,,,,,,,,,
,,,,,"1835,798","1698,507",,,,,,,,,,,,,,,,,,,,,,,,,,,,,,,,,,,,,,,,,,,,,,,,,,,,,,,
,,,,,"1786,554","1685,503",,,,,,,,,,,,,,,,,,,,,,,,,,,,,,,,,,,,,,,,,,,,,,,,,,,,,,,
,,,,,"1763,700","1605,447",,,,,,,,,,,,,,,,,,,,,,,,,,,,,,,,,,,,,,,,,,,,,,,,,,,,,,,
,,,,,"1544,1010","1544,425",,,,,,,,,,,,,,,,,,,,,,,,,,,,,,,,,,,,,,,,,,,,,,,,,,,,,,,
,,,,,"1635,910","1427,395",,,,,,,,,,,,,,,,,,,,,,,,,,,,,,,,,,,,,,,,,,,,,,,,,,,,,,,
,,,,,"1648,877","1554,432",,,,,,,,,,,,,,,,,,,,,,,,,,,,,,,,,,,,,,,,,,,,,,,,,,,,,,,
,,,,,"1752,684","1554,432",,,,,,,,,,,,,,,,,,,,,,,,,,,,,,,,,,,,,,,,,,,,,,,,,,,,,,,
,,,,,"1711,658","1557,432",,,,,,,,,,,,,,,,,,,,,,,,,,,,,,,,,,,,,,,,,,,,,,,,,,,,,,,
,,,,,"1711,658","1609,451",,,,,,,,,,,,,,,,,,,,,,,,,,,,,,,,,,,,,,,,,,,,,,,,,,,,,,,
,,,,,"1752,609","1593,507",,,,,,,,,,,,,,,,,,,,,,,,,,,,,,,,,,,,,,,,,,,,,,,,,,,,,,,
,,,,,"1733,544","1547,426",,,,,,,,,,,,,,,,,,,,,,,,,,,,,,,,,,,,,,,,,,,,,,,,,,,,,,,
,,,,,"1755,385","1614,804",,,,,,,,,,,,,,,,,,,,,,,,,,,,,,,,,,,,,,,,,,,,,,,,,,,,,,,
,,,,,"1695,391","1606,915",,,,,,,,,,,,,,,,,,,,,,,,,,,,,,,,,,,,,,,,,,,,,,,,,,,,,,,
,,,,,"1620,454","1837,779",,,,,,,,,,,,,,,,,,,,,,,,,,,,,,,,,,,,,,,,,,,,,,,,,,,,,,,
,,,,,"1777,667","1669,735",,,,,,,,,,,,,,,,,,,,,,,,,,,,,,,,,,,,,,,,,,,,,,,,,,,,,,,
,,,,,"1769,666","1679,855",,,,,,,,,,,,,,,,,,,,,,,,,,,,,,,,,,,,,,,,,,,,,,,,,,,,,,,
,,,,,"1809,817","1629,919",,,,,,,,,,,,,,,,,,,,,,,,,,,,,,,,,,,,,,,,,,,,,,,,,,,,,,,
,,,,,"1819,817","1565,963",,,,,,,,,,,,,,,,,,,,,,,,,,,,,,,,,,,,,,,,,,,,,,,,,,,,,,,
,,,,,"1963,649","1617,957",,,,,,,,,,,,,,,,,,,,,,,,,,,,,,,,,,,,,,,,,,,,,,,,,,,,,,,
,,,,,"1860,474","1577,947",,,,,,,,,,,,,,,,,,,,,,,,,,,,,,,,,,,,,,,,,,,,,,,,,,,,,,,
,,,,,"1724,499","1451,924",,,,,,,,,,,,,,,,,,,,,,,,,,,,,,,,,,,,,,,,,,,,,,,,,,,,,,,
,,,,,"1806,676","1406,925",,,,,,,,,,,,,,,,,,,,,,,,,,,,,,,,,,,,,,,,,,,,,,,,,,,,,,,
,,,,,"1806,835","1261,1066",,,,,,,,,,,,,,,,,,,,,,,,,,,,,,,,,,,,,,,,,,,,,,,,,,,,,,,
,,,,,"1701,1015","1264,1064",,,,,,,,,,,,,,,,,,,,,,,,,,,,,,,,,,,,,,,,,,,,,,,,,,,,,,,
,,,,,"1610,1150","1707,429",,,,,,,,,,,,,,,,,,,,,,,,,,,,,,,,,,,,,,,,,,,,,,,,,,,,,,,
,,,,,"1548,1183","1652,420",,,,,,,,,,,,,,,,,,,,,,,,,,,,,,,,,,,,,,,,,,,,,,,,,,,,,,,
,,,,,"1325,1220","1657,359",,,,,,,,,,,,,,,,,,,,,,,,,,,,,,,,,,,,,,,,,,,,,,,,,,,,,,,
,,,,,"540,979","1443,365",,,,,,,,,,,,,,,,,,,,,,,,,,,,,,,,,,,,,,,,,,,,,,,,,,,,,,,
,,,,,"648,1058","1437,381",,,,,,,,,,,,,,,,,,,,,,,,,,,,,,,,,,,,,,,,,,,,,,,,,,,,,,,
,,,,,"681,1092","1657,502",,,,,,,,,,,,,,,,,,,,,,,,,,,,,,,,,,,,,,,,,,,,,,,,,,,,,,,
,,,,,"864,1090","1704,595",,,,,,,,,,,,,,,,,,,,,,,,,,,,,,,,,,,,,,,,,,,,,,,,,,,,,,,
,,,,,"705,876","1761,617",,,,,,,,,,,,,,,,,,,,,,,,,,,,,,,,,,,,,,,,,,,,,,,,,,,,,,,
,,,,,"798,1009","1806,634",,,,,,,,,,,,,,,,,,,,,,,,,,,,,,,,,,,,,,,,,,,,,,,,,,,,,,,
,,,,,"798,994","1722,518",,,,,,,,,,,,,,,,,,,,,,,,,,,,,,,,,,,,,,,,,,,,,,,,,,,,,,,
,,,,,"708,739","1318,1110",,,,,,,,,,,,,,,,,,,,,,,,,,,,,,,,,,,,,,,,,,,,,,,,,,,,,,,
,,,,,,"1371,1077",,,,,,,,,,,,,,,,,,,,,,,,,,,,,,,,,,,,,,,,,,,,,,,,,,,,,,,
,,,,,,"1522,969",,,,,,,,,,,,,,,,,,,,,,,,,,,,,,,,,,,,,,,,,,,,,,,,,,,,,,,
,,,,,,"1590,927",,,,,,,,,,,,,,,,,,,,,,,,,,,,,,,,,,,,,,,,,,,,,,,,,,,,,,,
,,,,,,"1584,934",,,,,,,,,,,,,,,,,,,,,,,,,,,,,,,,,,,,,,,,,,,,,,,,,,,,,,,
,,,,,,"1434,961",,,,,,,,,,,,,,,,,,,,,,,,,,,,,,,,,,,,,,,,,,,,,,,,,,,,,,,
,,,,,,"1509,991",,,,,,,,,,,,,,,,,,,,,,,,,,,,,,,,,,,,,,,,,,,,,,,,,,,,,,,
,,,,,,"1644,923",,,,,,,,,,,,,,,,,,,,,,,,,,,,,,,,,,,,,,,,,,,,,,,,,,,,,,,
,,,,,,"1677,866",,,,,,,,,,,,,,,,,,,,,,,,,,,,,,,,,,,,,,,,,,,,,,,,,,,,,,,
,,,,,,"1656,737",,,,,,,,,,,,,,,,,,,,,,,,,,,,,,,,,,,,,,,,,,,,,,,,,,,,,,,
,,,,,,"1707,590",,,,,,,,,,,,,,,,,,,,,,,,,,,,,,,,,,,,,,,,,,,,,,,,,,,,,,,
,,,,,,"1626,501",,,,,,,,,,,,,,,,,,,,,,,,,,,,,,,,,,,,,,,,,,,,,,,,,,,,,,,
,,,,,,"1502,453",,,,,,,,,,,,,,,,,,,,,,,,,,,,,,,,,,,,,,,,,,,,,,,,,,,,,,,
,,,,,,"1380,413",,,,,,,,,,,,,,,,,,,,,,,,,,,,,,,,,,,,,,,,,,,,,,,,,,,,,,,
,,,,,,"1287,928",,,,,,,,,,,,,,,,,,,,,,,,,,,,,,,,,,,,,,,,,,,,,,,,,,,,,,,
,,,,,,"1229,1033",,,,,,,,,,,,,,,,,,,,,,,,,,,,,,,,,,,,,,,,,,,,,,,,,,,,,,,
,,,,,,"1275,1053",,,,,,,,,,,,,,,,,,,,,,,,,,,,,,,,,,,,,,,,,,,,,,,,,,,,,,,
,,,,,,"1384,1040",,,,,,,,,,,,,,,,,,,,,,,,,,,,,,,,,,,,,,,,,,,,,,,,,,,,,,,
,,,,,,"1492,1007",,,,,,,,,,,,,,,,,,,,,,,,,,,,,,,,,,,,,,,,,,,,,,,,,,,,,,,
,,,,,,"1731,805",,,,,,,,,,,,,,,,,,,,,,,,,,,,,,,,,,,,,,,,,,,,,,,,,,,,,,,
,,,,,,"1658,1008",,,,,,,,,,,,,,,,,,,,,,,,,,,,,,,,,,,,,,,,,,,,,,,,,,,,,,,
,,,,,,"1605,1083",,,,,,,,,,,,,,,,,,,,,,,,,,,,,,,,,,,,,,,,,,,,,,,,,,,,,,,
,,,,,,"1635,1035",,,,,,,,,,,,,,,,,,,,,,,,,,,,,,,,,,,,,,,,,,,,,,,,,,,,,,,
,,,,,,"1668,921",,,,,,,,,,,,,,,,,,,,,,,,,,,,,,,,,,,,,,,,,,,,,,,,,,,,,,,
,,,,,,"1704,872",,,,,,,,,,,,,,,,,,,,,,,,,,,,,,,,,,,,,,,,,,,,,,,,,,,,,,,
,,,,,,"1676,915",,,,,,,,,,,,,,,,,,,,,,,,,,,,,,,,,,,,,,,,,,,,,,,,,,,,,,,
,,,,,,"1653,937",,,,,,,,,,,,,,,,,,,,,,,,,,,,,,,,,,,,,,,,,,,,,,,,,,,,,,,
,,,,,,"1583,935",,,,,,,,,,,,,,,,,,,,,,,,,,,,,,,,,,,,,,,,,,,,,,,,,,,,,,,
,,,,,,"1583,935",,,,,,,,,,,,,,,,,,,,,,,,,,,,,,,,,,,,,,,,,,,,,,,,,,,,,,,
,,,,,,"1695,819",,,,,,,,,,,,,,,,,,,,,,,,,,,,,,,,,,,,,,,,,,,,,,,,,,,,,,,
,,,,,,"1727,741",,,,,,,,,,,,,,,,,,,,,,,,,,,,,,,,,,,,,,,,,,,,,,,,,,,,,,,
,,,,,,"1700,705",,,,,,,,,,,,,,,,,,,,,,,,,,,,,,,,,,,,,,,,,,,,,,,,,,,,,,,
,,,,,,"1667,714",,,,,,,,,,,,,,,,,,,,,,,,,,,,,,,,,,,,,,,,,,,,,,,,,,,,,,,
,,,,,,"1602,814",,,,,,,,,,,,,,,,,,,,,,,,,,,,,,,,,,,,,,,,,,,,,,,,,,,,,,,
,,,,,,"1603,814",,,,,,,,,,,,,,,,,,,,,,,,,,,,,,,,,,,,,,,,,,,,,,,,,,,,,,,
,,,,,,"1603,814",,,,,,,,,,,,,,,,,,,,,,,,,,,,,,,,,,,,,,,,,,,,,,,,,,,,,,,
,,,,,,"1565,835",,,,,,,,,,,,,,,,,,,,,,,,,,,,,,,,,,,,,,,,,,,,,,,,,,,,,,,
,,,,,,"1642,789",,,,,,,,,,,,,,,,,,,,,,,,,,,,,,,,,,,,,,,,,,,,,,,,,,,,,,,
,,,,,,"1675,645",,,,,,,,,,,,,,,,,,,,,,,,,,,,,,,,,,,,,,,,,,,,,,,,,,,,,,,
,,,,,,"1547,494",,,,,,,,,,,,,,,,,,,,,,,,,,,,,,,,,,,,,,,,,,,,,,,,,,,,,,,
,,,,,,"1455,341",,,,,,,,,,,,,,,,,,,,,,,,,,,,,,,,,,,,,,,,,,,,,,,,,,,,,,,
,,,,,,"1239,383",,,,,,,,,,,,,,,,,,,,,,,,,,,,,,,,,,,,,,,,,,,,,,,,,,,,,,,
,,,,,,"1213,345",,,,,,,,,,,,,,,,,,,,,,,,,,,,,,,,,,,,,,,,,,,,,,,,,,,,,,,
,,,,,,"1050,474",,,,,,,,,,,,,,,,,,,,,,,,,,,,,,,,,,,,,,,,,,,,,,,,,,,,,,,
,,,,,,"903,528",,,,,,,,,,,,,,,,,,,,,,,,,,,,,,,,,,,,,,,,,,,,,,,,,,,,,,,
,,,,,,"874,567",,,,,,,,,,,,,,,,,,,,,,,,,,,,,,,,,,,,,,,,,,,,,,,,,,,,,,,
,,,,,,"936,636",,,,,,,,,,,,,,,,,,,,,,,,,,,,,,,,,,,,,,,,,,,,,,,,,,,,,,,
,,,,,,"903,696",,,,,,,,,,,,,,,,,,,,,,,,,,,,,,,,,,,,,,,,,,,,,,,,,,,,,,,