farm_act,go_blacksmith,go_storage,go_tower,go_alchimie,Pirate_1,Pirate_2,Pirate_boss,Wanderer_2,Wanderer_boss,Wanderer_1,go_map,Plague_1,Plague_2,debug,Plague_boss,Flash_1,Flash_2,Flash_boss,Hammer_2,Hammer_1,Hammer_boss,Brazier_1,Brazier_2,Brazier_boss,Air_1,Air_2,Air_boss,Greed_1,Greed_2,Greed_boss,Lighting_1,Lighting_2,Lighting_boss,Cycle_1,Cycle_2,Cycle_boss,Shepherd_1,Shepherd_2,Shepherd_boss
"[1550, 260]","[1260, 90]","[1605, 60]","2050, 130","2050, 130","917,1144","1281,394","[700, 700]","750,900","1850,350","750,800","2050, 130","775,356","766,1115",,"770,1100","1300,1200","920,1200",,"2350,750","600,500","800,450","1517,179","1250,250","700,1050","2040,938","1042,692","1600,250","1690,551","1833,1138","1600,400","1258,289","489,948","556,325","732,511","1952,1080","891,340","2031,410","1283,1208","1725,446"
"[2000, 1150]","[1260, 90]","[1470, 577]","2050, 130","2050, 130","917,1143","1278,327","[700, 700]","750,900",,"750,800","2050, 130","725,290","493,1146",,"770,1100","1300,1200","920,1200",,"1200,1200","600,500",,"905,248","1600,300","700,1050","2070,1000","1189,670","1800,700","1588,269","1905,1146",,"1122,128","878,1126","1629,400","675,309","1950,1221","1479,269","2055,483","1283,1208","1445,385"
"[2200, 1300]","[1050, 650]",,"1700,130","1700,130","809,879","1275,327","[700, 700]","750,1000",,"750,800","1700,130","841,208","564,1202",,,"1300,1200","200,1111",,"1200,1200","600,1000",,"845,215","1600,300",,"2050,714","1390,1132",,"1344,290","2289,932",,"1016,131","878,1177","800,200","706,299","1926,1231",,"2055,483","1283,1208","1367,317"
"[2200, 150]",,,"2050,330","2050,330","812,760","1209,370","[700, 700]","750,1000",,"750,800","2050,330","821,173","599,1219",,,"1300,1200","400,1300",,"2100,600","600,1000",,"818,217","700,300",,"2050,800","1486,1144",,"1132,369","2002,439",,"738,152","778,1192",,"621,295","1884,1251",,"2055,483","2152,1019","1650,477"
"[2200, 150]",,,"2200,530","2130,1172","812,745","1237,370","[700, 700]","700,700",,"750,800","1450,580","568,384","599,1217",,,"600,1150","1450,1200",,"2200,900","500,1000",,"475,394","800,250",,"2000,1000","1588,1120",,"1441,278","2295,653",,"451,402","650,1126",,"315,643","1839,1258",,"1890,364","2094,1187","1738,708"
"[2200, 150]",,,"987,629",,"831,552","1374,406","[1000, 450]","700,700",,"700,500",,"571,796","599,1217",,,"600,350","1800,1200",,"2200,900","600,300",,"563,280","800,250",,"2050,800","1858,1163",,"1437,381","2132,1130",,"353,195","635,1161",,"640,246","1719,1221",,"1937,623","1617,1236",
"[2200, 150]",,,,,"927,718","1375,406",,"700,700",,"700,500",,"586,476","452,1047",,,"600,700","1800,1200",,"2200,900","600,1000",,"563,280","1900,300",,"2000,1000","2006,996",,"1434,318","2326,1032",,"1403,207","588,964",,"470,239","1694,1196",,"1954,515","1582,1213",
"[1640, 120]",,,,,"897,799","1467,441",,"700,500",,"700,500",,"529,521","459,965",,,"700,300","1800,1200",,"2200,900","1200,1200",,"1425,179","1900,300",,"2050,800","1998,448",,"1638,456","2115,622",,"1976,324","432,666",,"693,1158","1521,1166",,"1695,1167","1623,1223",
"[1640, 120]",,,,,"966,941","1656,441",,"700,700",,"700,500",,"728,1101","522,518",,,"925,650","1800,1200",,"2200,1100","1200,1200",,"1959,327","1900,1111",,"2050,800","1564,169",,"1825,635","1947,249",,"1286,195","642,336",,"335,1128","1180,1116",,"1789,1212","1818,1270",
"[1640, 120]",,,,,"1078,1012","1687,446",,"700,700",,"700,500",,"735,1151","470,773",,,"600,350","2444,920",,"2200,900","1000,1200",,"1959,327","1900,1111",,"2150,1050","1351,163",,"1893,574","1522,336",,"964,161","849,204",,"507,1305","794,1134",,"1879,1277","1521,1189",
"[2200, 150]",,,,,"1284,1067","1789,498",,"700,500",,"700,700",,"724,1188","652,1067",,,"600,1200","1800,222",,"2200,900","1000,1200",,"1959,327","1900,1111",,"1600,1200","1737,199",,"1800,486","1885,625",,"883,128","576,512",,"242,946","750,1153",,"1879,1277","1521,1189",
"[2200, 150]",,,,,"1405,1042","1740,625",,"700,500",,"700,700",,"536,1060","766,1190",,,"700,1200","1800,222",,"2200,900","1000,1200",,"1127,233","1900,900",,"2000,1000","1937,253",,"1749,484","2246,673",,"1887,188","1191,252",,"738,1211","829,1195",,"1879,1277","1354,1176",
"[1200, 50]",,,,,"1494,1054","1659,470",,"700,1000",,"700,700",,"476,659","1125,953",,,"700,1200","2300,500",,"2200,900","1300,1200",,"1023,135","1900,900",,"2000,700","2297,664",,"1716,480","1531,234",,"1757,94","1048,1158",,"738,1211","1317,1179",,"1451,1187","1136,1156",
"[1200, 50]",,,,,"1522,1054","1759,410",,"1300,1000",,"700,300",,"740,232","1017,1152",,,"700,1200","2300,900",,"2200,1100","1200,1200",,"1023,135","1900,1111",,"2050,800","2343,737",,"1865,910","1979,360",,"1164,214","1220,1164",,"365,1124","1307,1143",,"1164,1081","1120,1185",
"[1200, 50]",,,,,"1522,1054","1755,424",,"1300,1000",,"700,700",,"731,355","1606,1219",,,"600,1200","1900,1100",,"1750,1150","1200,1200",,"1235,163","1700,1250",,"2000,500","2385,818",,"2064,774","1917,414",,"410,292","516,1266",,"1428,1163","760,1101",,"1049,1152","1264,1219",
"[1200, 50]",,,,,"1522,1054","1752,424",,"700,1000",,"750,800",,"731,341","1939,1007",,,"600,900","1950,1111",,"2200,1100","1200,1200",,"1437,168","1700,1250",,"2000,700","2160,534",,"1737,323","2157,900",,"365,937","762,1232",,"438,1259","492,1152",,"1302,1176","1448,1185",
"[1200, 50]",,,,,"1522,1054","1110,362",,"700,1000",,"750,800",,"731,341","2146,1019",,,"1000,1200","1700,1200",,"2100,500","750,1150",,"2073,442","1900,1111",,"600,900","2116,450",,"1856,436","2122,407",,"479,1136","779,1232",,"438,1259","501,1142",,"1302,1176","1538,1185",
"[1200, 50]",,,,,"1454,1079","1067,396",,"1900,1000",,"750,800",,"1220,233","2180,1030",,,"1750,1220 ","1700,1050",,"2100,500","750,1150",,"2040,302","1900,1111",,"600,900","1600,159",,"1831,428","1714,254",,"479,1136","947,1171",,"1998,392","824,636",,"993,1166","1661,1115",
"[1200, 50]",,,,,"707,871","995,418",,"1300,1000",,"700,500",,"1699,289","1836,1147",,,"2070,870","950,1250",,"2100,500","750,1150",,"2040,302","1250,250 entrop",,"600,700","1483,175",,"1366,239","785,233",,"396,672","1286,1188",,"2264,945","425,976",,"465,953","1631,1096",
"[2200, 150]",,,,,"635,811","809,561",,"1300,1000",,"700,500",,"2048,471","1948,1140",,,"1750,1200","950,1250",,"2027,222","750,1150",,"2040,302","1250,1250",,"600,700","1314,171",,"920,222","742,1205",,"466,534","1286,1188",,"2187,1222","1426,1169",,"465,953","1631,1096",
"[2200, 150]",,,,,"630,696","720,492",,"1300,1000",,"700,500",,"566,393","1948,849",,,"1750,1200","950,1250",,"2027,222","750,1150",,"1992,209","1250,1250",,"600,700","1077,140",,"746,322","487,1128",,"466,534","793,1175",,"2231,1052","1092,434",,"1200,1200","1631,1096",
"[1800, 600]",,,,,"630,696","942,449",,"1300,1100",,"700,700",,"611,366","1943,1227",,,"2200,800","1470,1170",,"1800,222","600,600",,"1851,156","1250,1250",,"800,150","1672,219",,"542,979","588,403",,"522,949","1267,1200",,"1992,1251","989,530",,"1320,1180","1438,1129",
"[1800, 600]",,,,,"630,696","933,449",,"1300,1100",,"750,800",,"991,204","2005,1183",,,"2000,1000","700,1200",,"1800,222","750,1150",,"1939,355","1250,1250",,"2100,400","1782,248",,"516,1029","548,426",,"468,503","1538,1220",,"798,1254","471,527",,"1320,1180","1438,1129",
"[1800, 600]",,,,,"630,696","872,564",,"1300,1100",,"750,800",,"584,228","2029,1213",,,"2000,1200","450,1200",,"1800,222","750,1150",,"1839,235","1250,1250",,"2100,222","1929,428",,"474,804",,,"435,409","1950,1257",,"834,1254","597,267",,"1320,1180","1438,1129",
"[1800, 600]",,,,,"902,442","855,622",,"1300,1100",,"1300,300",,"584,228","2257,801",,,"1223,1200","450,1200",,"1800,222","500,700",,"1839,235","600,1000",,"850,150","1844,304",,"1001,407",,,"435,409","1950,1263",,"1583,1236","597,267",,"1398,1181","1438,1129",
"[1800, 600]",,,,,"1257,313","903,769",,"1300,1100",,"700,500",,"505,306","1440,1119",,,"1300,1200","800,1100",,"2027,222","500,500",,"1797,249","1250,1250",,"1600,150","2147,523",,"729,377",,,"435,409","1890,1256",,"425,1201","1179,221",,"1578,1063","1457,1131",
"[2200, 150]",,,,,"1420,314","978,823",,"1300,1100",,"1300,300",,"840,407","1440,1120",,,"1950,1200","800,1100",,"1600,222","500,700",,"513,1299","1250,1250",,"1600,150","2146,523",,"901,219",,,"469,380","1861,1252",,"425,1201","552,357",,"1839,1025","1509,1144",
"[1800, 600]",,,,,"1218,321","1059,939",,"1300,1100",,"700,700",,"1469,422","1559,1167",,,"1800,600","450,1200",,"1600,222","450,450",,"302,1094","1250,1250",,"1600,150","1944,1098",,"1377,241",,,"1069,250","1861,1252",,"963,1209","2235,755",,"1839,1025","2124,1077",
"[1800, 900]",,,,,"1076,351","1087,945",,"1900,1100",,"750,800",,"526,715","1573,1204",,,"1250,1250","450,1200",,"2100,750","1500,222",,"288,804","1250,1250",,"1600,150","1944,1098",,"1611,234",,,"784,158","1861,1252",,"1413,1222","1682,636",,"1577,1088","2075,478",
"[1800, 600]",,,,,"944,433","1195,971",,"1600,1100",,"750,1000",,"612,307","1620,1203",,,"1600,1200","450,800 cliping",,"1400,1156","1300,222",,"294,872","1900,1000",,"1300,150","1183,1192",,"1904,331",,,"785,158","1371,1208",,"939,1128","1967,930",,"1547,1094","2075,478",
,,,,,"872,453","1219,971",,"1300,1100",,"750,1000",,"501,185","1620,1194",,,"1600,1200","800,1300",,"800,1250","1600,222",,"305,622","1900,1000",,"2140,560","1649,1258",,"2017,684",,,"1818,285","1371,1208",,"405,1103","2010,603",,"1695,1133","1978,619",
,,,,,"860,453","1254,1002",,"1300,1100",,"1300,1100",,"1042,271","1435,1183",,,"1950,1200","800,1111",,"800,1250","1300,222",,"615,1235","2000,500",,"2050,800","1628,1221",,"2017,684",,,"522,1065","662,1140",,"258,556","1712,404",,"1695,1133","1978,619",
,,,,,"860,453","1182,989",,"1300,1100",,"750,1000",,"1362,236","1435,1183",,,"1077,1267","1111,1111",,"1300,1145","700,200",,"433,1186","1250,250",,"2000,500","1628,1221",,"2094,832",,,"263,510","495,1154",,"558,1142","1734,329",,"1695,1133","2126,636",
,,,,,"906,412","1169,981",,"1600,1100",,"750,1000",,"1408,218","1435,1183",,,"765,1111","2200,1200",,"1300,1145","600,700",,"445,1191","1700,250",,"2000,500","1652,1212",,"2127,768",,,"263,510","307,1193",,"522,460","1570,292",,"1521,1125","2038,933",
,,,,,"1105,372","1215,976",,"1600,1100",,"750,1000",,"1725,341","1283,1195",,,"600,800","1800,1111",,"1300,1145","500,880",,"316,970","2200,700",,"2000,500","1565,1210",,"2121,775",,,"304,471","435,1150",,"451,429","886,392",,"1521,1127","1946,476",
,,,,,"1242,342","1281,1018",,"1600,1100",,"750,1000",,"884,224","950,1159",,,"600,1200","1050,1150",,"1300,1145","600,1100",,"602,281","2100,900",,"2100,222","1506,1210",,"1756,1108",,,"609,430","572,984",,"451,429","575,614",,"1521,1127","1666,263",
,,,,,"1243,343","1324,1029",,"1300,1100",,"700,700",,"453,759","1181,1192",,,"1650,1150","330,900",,"1300,1145","600,850",,"602,281","2100,222",,"2000,600","1678,1202",,"1872,1101",,,"1846,208","413,600",,"889,255","737,1058",,"1415,1184","1791,248",
,,,,,"1095,1118","1326,1029",,"1300,1100",,"1300,300",,"315,876","1346,1184",,,"1830,1120","700,1150",,"1300,1145","600,1100",,"1861,173","2100,1200",,"2000,700","1927,969",,"1745,1168",,,"1409,234","552,524",,"1840,224","472,744",,"1415,1184","1913,355",
,,,,,"1142,1208","1136,945",,"1300,1100",,"700,700",,"500,1125","1959,1072",,,"1555,1000","700,1150",,"1300,1145","600,1100",,"2125,497","2100,1200",,"2050,800","2078,887",,"1612,1179",,,"2015,264","918,386",,"1825,218","789,321",,"1415,1184","1828,1165",
,,,,,"1002,1153","942,852",,"1200,1100",,"700,300",,"455,255","2012,554",,,"1300,1200","1555,1100",,"1300,1145","600,1100",,"2264,634","2100,1200",,"2050,800","2220,883",,"1643,1156",,,"2014,264","674,272",,"1111,200","747,439",,"1728,1129","2143,912",
,,,,,"881,1039","863,755",,"1200,1100",,"1300,300",,"1005,213","1857,327",,,"550,1033","1555,1100",,"1300,1145","600,1100",,"1803,129","2200,700",,"2050,600","2261,800",,"1827,1120",,,"1984,292","651,350",,"958,314","529,510",,"1900,766","2143,937",
,,,,,"732,696","821,704",,"1000,1100",,"1900,300",,"1054,351","1559,334",,,"550,1033","1725,1050",,"700,1200","1300,1145",,"1999,346","2200,700",,"2050,800","2112,567",,"1617,1203",,,"1983,294","831,209",,"423,441","894,266",,"1338,1154","1715,1212",
,,,,,"831,604","813,693",,"1300,1100",,"1900,300",,"466,683","2007,451",,,"550,1033","1725,1050",,"700,1200","2050,1200",,"1999,346","600,1000",,"2000,500","1563,231",,"1581,1090",,,"1946,1236","1182,221",,"457,401","653,448",,"1485,1200","1715,1212",
,,,,,"810,466","813,693",,"1900,700",,"1300,300",,"307,1095","2064,697",,,"600,900","1725,1050",,"700,1200","1300,1145",,"1999,346","600,1000",,"2000,500","1206,231",,"1463,286",,,"2021,435","1576,296",,"457,401","541,940",,"1638,1226","1715,1212",
,,,,,"934,441","814,694",,"1900,700",,"700,300",,"933,1167","1904,1003",,,"550,1033","1725,1050",,"700,1200","2050,1200",,"223,902","700,1100",,"2000,222","858,204",,"956,238",,,"1871,157","1392,193",,"295,459","512,1159",,"2097,652","1325,1158",
,,,,,"900,387","825,721",,"1900,300",,"1300,300",,"820,1120","1904,1003",,,"450,1200","1725,1050",,"2200,900","1300,1145",,"455,465","600,1000",,"1900,222","709,253",,"912,240",,,"1648,121","1128,218",,"933,236","515,1219",,"2097,652","1411,1159",
,,,,,"899,387","829,751",,"1900,300",,"700,300",,"1283,1248","1904,1003",,,"330,950","1725,1050",,"2200,900","1300,1145",,"455,465","700,1100",,"1250,200","709,253",,"1266,220",,,"1857,191","1127,219",,"1475,176","548,1269",,"2097,652","1431,1159",
,,,,,"698,421","880,837",,"1900,700",,"700,300",,"692,1151","1712,1117",,,"760,250","2030,250",,"2100,750","1300,1145",,"564,802","700,1100",,"1400,200",,,"1927,739",,,"2271,712","621,333",,"792,200","597,1056",,"1849,343","1431,1159",
,,,,,"654,671","880,838",,"1900,300",,"1300,300",,"688,1232","1713,1152",,,"760,250","2030,250",,"2200,900","1300,1145",,"404,771","700,1100",,"1250,200",,,"1983,927",,,"2271,712","608,379",,"1330,179","1581,1131",,"2071,510","1431,1159",
,,,,,"673,806","912,868",,"1900,700",,"1300,300",,"744,1268","1713,1153",,,"760,250","2030,250",,"2200,900","1300,1145",,"570,487","700,800",,"900,200",,,"1851,1030",,,"2049,1199","317,709",,"853,165","1555,1161",,"1934,547","1431,1159",
,,,,,"720,895","873,723",,"1900,700",,"1400,300",,"1291,1283","1713,1153",,,"600,650","1040,200",,"1300,1145","1300,1145",,"469,1121","600,900",,"600,800",,,"2073,1060",,,"2049,1199","387,1011",,"853,165","1638,1145",,"977,233","1461,1161",
,,,,,"759,902","951,557",,"1900,1000",,"1300,300",,"1298,1243","1989,497",,,"600,1000","900,200",,"1300,1145","1300,1145",,"606,1352","700,1250",,"600,800",,,"2084,714",,,"1881,1247","709,885",,"360,482","1622,956",,"977,190","2022,1164",
,,,,,"743,948","1171,449",,"1900,1000",,"1900,300",,"930,1109","1772,389",,,"600,1000","1200,220",,"1300,1145","1300,1145",,"1456,1219","1400,1250",,"600,500",,,"1883,407",,,"875,1258","888,1102",,"407,744","914,1102",,"977,190","1608,1189",
,,,,,"600,867","1167,399",,"1900,1000",,"1900,700",,"1935,1282","1693,318",,,"850,1150","1800,260",,"2050,1200","1300,1145",,"483,1266","1600,1200",,"600,600",,,"1651,242",,,"1474,1257","1073,1131",,"1310,202","922,1095",,"977,190","1608,1189",
,,,,,"1239,1199","957,477",,"1900,1000",,"1900,300",,"2060,1222","1580,305",,,"730,1150","1800,260",,"2050,1200","2100,750",,"813,396","1600,1200",,"600,600",,,"1561,241",,,"1399,1257","1022,1161",,"1310,202","922,1095",,"977,190","1608,1189",
,,,,,"773,462","876,835",,"1900,1000",,"1300,300",,"1901,1267","1580,305",,,"730,1150","2000,300",,"2050,1200","2100,750",,"623,388","2100,1200",,"600,600",,,"1240,173",,,"610,1271","1138,1163",,"1212,1226","922,1095",,"977,190","1608,1189",
,,,,,"771,433","898,904",,"1300,1000",,"1900,300",,"1835,1166","794,275",,,"1900,1100","2000,1200",,"2050,1200","400,900",,"1207,220","1900,400",,"600,300",,,"1295,168",,,"1186,1200","833,1168",,"1242,1231","922,1095",,"2025,510","431,1081",
,,,,,"801,348","791,795",,"1300,1000",,"1900,1000",,"1822,1033","794,275",,,"1300,1200","2000,1200",,"2050,1000","600,700",,"1699,195","1900,400",,"1000,250",,,"1224,171",,,"1946,1242","504,1068",,"1242,1231","824,980",,"2025,510","431,1081",
,,,,,"873,449","761,720",,"1300,1000",,"1900,1000",,"1783,1043","794,275",,,"1700,1200","1800,1200",,"2050,1200","400,900",,"1939,213","1900,400",,"1000,250","1400,1250",,"1351,273",,,"865,1237","546,695",,"1242,1231","870,975",,"2025,510","431,1081",
,,,,,"788,752","801,707",,"1900,700",,"1900,1000",,"1775,890","794,275",,,"1700,1200","1800,1200",,"2050,1200","400,900",,"916,175","1900,400",,"800,250","1600,1250",,"1805,393",,,"1909,1254","410,924",,"1242,1231","825,990",,"2025,510","431,1081",
,,,,,"672,645","825,732",,"1900,300",,"1900,1000",,"1218,1142","1556,222",,,"1000,1050","1800,1200",,"1300,1145","400,700",,"1630,156","2200,660",,"800,250","1800,1250",,"1912,693",,,"2038,1195","475,1089",,"1308,1221","910,1039",,"2025,510","431,1081",
,,,,,"696,968","862,838",,"1900,700",,"1900,1000",,"1251,1220","1241,176",,,"1000,1050","2150,700",,"2050,1200","400,700",,"625,156","2200,660",,"800,250","2100,1000",,"1906,540",,,"2038,1195","477,1096",,"1401,1226","1137,956",,"1897,889","431,1081",
,,,,,"860,1067","936,988",,"1900,700",,"1300,700",,"1264,1164","1241,176",,,"730,900","1920,220",,"2050,1000","400,700",,"625,156","2200,660",,"600,300","2020,280",,"1212,246",,,"2038,1195","530,1133",,"1262,1225","1123,957",,"1910,1077","559,672",
,,,,,"831,1084","984,900",,"1900,600",,"1300,1000",,"1236,652","995,249",,,"860,200","2100,500",,"2100,750","400,900",,"538,291","2200,660",,"600,900","1400,222",,"1080,301",,,"2038,1195","722,1205",,"464,983","1147,411",,"2022,1065","347,1149",
,,,,,"710,1156","984,900",,"1900,700",,"700,1000",,"612,791","991,249",,,"700,230","2100,500",,"2050,1200","2050,1200",,"498,251","600,1200",,"600,800","1400,150",,"716,432",,,"2038,1195","657,1231",,"459,550","908,387",,"2022,1065","347,1149",
,,,,,"742,1138","984,900",,"1900,700",,"1300,300",,"1708,1172","577,357",,,"300,950","1900,400",,"2100,750","2050,600",,"544,231","600,1200",,"600,1000","1800,150",,"1014,447",,,"2140,728","1154,1191",,"671,315","902,377",,"1858,1053","347,1149",
,,,,,"1398,1137","923,830",,"1900,700",,"1300,1000",,"1368,757",,,,"1425,1111","1900,200",,"400,900","2050,1200",,"444,965","600,1200",,"1000,1250","1974,260",,"1269,218",,,"1911,168","1154,1191",,"720,283","476,1120",,"1858,1053","347,1149",
,,,,,"1589,1124","1579,446",,"1900,700",,"1300,1100",,"1431,742",,,,"900,1145","660,200",,"600,700","1600,1200",,"328,1125","600,1200",,"600,900","2269,736",,"840,409",,,"1911,168","1816,1196",,"443,271","486,1082",,"1858,1053","347,1149",
,,,,,"652,768","1579,446",,"1900,700",,"700,1000",,"1917,684",,,,"500,1222","1140,240",,"400,700","1111,1145",,"460,1267","1111,1250",,"600,1000","2261,865",,"508,711",,,"1911,168","1949,857",,"468,183","1698,1156",,"1858,1053","417,422",
,,,,,"831,1072","1455,405",,"1900,1000",,"1300,1100",,"1287,906",,,,"700,300","2040,600",,"400,700","1111,1145",,"508,1286","1111,1250",,"600,1000","2231,635",,"1040,428",,,"1913,331","1872,981",,"936,184","1719,1168",,"1946,629","486,299",
,,,,,"833,1064","1542,430",,"1900,1000",,"1300,1100",,"1287,906",,,,"700,300","1940,560",,"400,700","1111,1145",,"726,1283","600,1200",,"1333,1250","2245,584",,"1469,299",,,"1268,96","1923,1032",,"630,117","1903,993",,"1946,629","541,387",
,,,,,"883,1062","1512,426",,"1900,1000",,"1300,1100",,"639,540",,,,"1170,320","1500,200",,"400,900","1111,1145",,"726,1283","1111,1250",,"1333,1250","1980,297",,"1619,393",,,"608,266","2005,1068",,"931,140","1661,1153",,"1979,471","541,387",
,,,,,"867,984","1511,426",,"1900,1000",,"700,1000",,"521,858",,,,"1850,250","800,200",,"400,900","1111,1145",,"726,1283","1111,1250",,"1333,1250","1615,200",,"1868,805",,,"526,215","2073,922",,"1944,265","1229,1185",,"1979,471","434,500",
,,,,,"692,906","1677,582",,"1900,1000",,"700,1000",,"516,996",,,,"2300,500","800,200",,"2050,1200","1111,1145",,,"600,500",,"1333,1250","1554,233",,"2066,734",,,"724,231","1982,497",,"1540,834","1687,1153",,"1939,308",,
,,,,,"1309,1171","1680,720",,"700,300",,"1300,1100",,"930,1087",,,,"1300,240","400,300",,"2050,1200","1300,1145",,,"600,900",,"1333,1250","1056,349",,"2169,738",,,"724,231","1731,209",,"2104,372","1875,1162",,"1998,635",,
,,,,,"1323,1117","1690,757",,"1200,250",,"1300,1100",,"896,1071",,,,"700,500","1350,280",,"1300,1145","1300,1145",,,"600,900",,"1111,1200","898,162",,"2208,681",,,"1223,183","1731,209",,"1915,175","2044,1176",,"1970,405",,
,,,,,"1447,1081","1658,716",,"1200,250",,"1900,800",,"805,1083",,,,"900,250","1100,300",,"1111,1145","1300,1145",,,"600,1111",,"1111,1200","1785,200",,"2133,582",,,"1786,228","1894,705",,"1915,175","1450,1158",,"1970,405",,
,,,,,"1722,1077","1595,549",,"700,300",,"1300,1100",,"917,1156",,,,"1830,230","2200,600",,"1111,1145","1623,1250",,,"700,1111",,"1111,1200","1682,210",,"1117,796",,,"1338,203","1911,1133",,"2181,1067","1300,1224",,"1970,405",,
,,,,,"1663,1097","1565,966",,"700,300",,"1900,700",,"1046,1149",,,,"1830,230","1950,300 ",,"1300,1145","1623,1250",,,"600,900",,"600,1111","2053,389",,"986,1174",,,"1562,146","1707,1203",,"1861,284","1959,782",,"1970,405",,
,,,,,"1663,1097","1565,966",,"600,600",,"1900,700",,"1160,1144",,,,"2200,700","220,1100",,"1111,1145","1623,1250",,,"600,900",,"600,1111","1929,281",,,,,"1795,236","1575,1198",,"1058,175","2259,849",,"1970,405",,
,,,,,"1723,1015","1565,966",,"700,300",,"1900,700",,"1159,1109",,,,"1900,230","700,260",,"1111,1145","1111,1111",,,"800,1111",,"600,600","2159,550",,,,,"1993,317","1198,1183",,"1632,258","1991,1178",,"2126,791",,
,,,,,"1749,975","1683,746",,"700,300",,"1900,1000",,"472,871",,,,"2000,400","700,260",,"1111,1145","600,300",,,"800,1111",,"600,700","2190,676",,,,,"1945,375","1198,1183",,"1973,274",,,"1899,350",,
,,,,,"1566,1054","1707,596",,"700,300",,"1900,700",,"526,1132",,,,"1900,230","700,260",,"1111,1145","900,300",,,"1300,1200",,"600,700","1929,1177",,,,,"2010,1170","1253,1187",,"1973,274",,,"1358,241",,
,,,,,"1494,1069","1601,455",,"700,300",,"1900,700",,"758,1201",,,,"2150,200","700,260",,"1300,1145","900,300",,,"2200,1111",,"600,900","2144,1228",,,,,"2020,1293","1253,1187",,"2184,614",,,"988,248",,
,,,,,"1343,1020","1595,457",,"700,300",,"1900,700",,"805,1237",,,,"1400,200","700,650",,"1623,1250","600,600",,,"2200,1111",,"600,700","1482,1209",,,,,"2020,1293","822,1079",,"2160,1119",,,"988,248",,
,,,,,"1552,318","1555,471",,"1900,300",,"1900,800",,"988,1208",,,,"1400,200","1500,150",,"1623,1250","1300,1145",,,"1300,1200",,"600,900","1686,1260",,,,,"2133,741","822,1079",,"2081,1188",,,"988,248",,
,,,,,"1302,398","1555,471",,"1900,300",,"1900,800",,"903,1184",,,,"1450,200","2000,370",,"1623,1250","600,1000",,,"1600,1250",,"600,900","1805,1240",,,,,"1967,357","1888,1244",,"2097,1257",,,"988,248",,
,,,,,"1686,459","1535,462",,"1900,300",,"1900,700",,"507,879",,,,"550,200","2000,200",,"1623,1250","600,1000",,"1300,222","1600,1250",,"900,1111","1499,1255",,,,,,"1945,1246",,"2097,1257",,,"988,248",,
,,,,,"1759,414","1476,422",,"1900,700",,"1900,700",,"507,880",,,,"970,150","2100,800",,"1111,1111","600,1200",,"1300,222","1600,1250",,"900,1111","1523,1246",,"1900,150",,,,"2230,1018",,"2074,1269",,,"988,248",,
,,,,,"1767,497","1578,502",,"1900,1200",,"1900,700",,"489,898",,,,"400,900","1650,1200",,"600,300","600,1000",,"1000,200","1600,1250",,"900,1111","1523,1246",,"1500,150",,,,"2016,1078",,"751,1194",,,"988,248",,
,,,,,"1779,505","1602,570",,"1900,1200",,"1900,700",,"471,913",,,,"400,900","1650,1200",,"900,300","600,1000",,"600,223","1600,1250",,"1111,1250","1947,1122",,"1300,150",,,,"2221,925",,"751,1194",,,"988,248",,
,,,,,"1680,499","1656,665",,"1900,1200",,"1900,1000",,"415,517",,,,"600,550","2250,750",,"1623,1250 en trop","600,700",,"600,223","2200,700",,"1300,1250","2168,962",,"1300,150",,,,"2202,732",,"1494,1260",,,"709,312",,
,,,,,"1747,857","1654,648",,"1600,1250",,"1300,1100",,"508,280",,,,"700,1150","2200,1163",,"900,300","600,300",,"600,223","1900,1100",,"1111,1250","2157,931",,"1900,150",,,,"2122,794",,"568,1147",,,"628,392",,
,,,,,"1833,914","1654,648",,"1600,1250",,"1900,1000",,"546,309",,,,"700,1150","2050,580",,"900,300","600,500",,"600,300","1200,1250",,,"2230,947",,"2000,500",,,,"2119,914",,"664,632",,,"542,575",,
,,,,,"1835,871","1632,663",,"1600,1250",,"1900,1000",,"471,269",,,,"1000,1150","1500,400",,"600,600","1111,222",,"1100,300","1200,1250",,,"2094,676",,"1900,150",,,,"2122,961",,"2300,1134",,,"466,653",,
,,,,,"1650,983","1515,495",,"1900,1250",,"1300,1100",,"691,447",,,,"700,1150",,,"600,1000","1111,222",,"1900,300","1200,1250",,,"2020,552",,"2050,800",,,,"2044,714",,"1543,1215",,,"466,653",,
,,,,,"1833,831","1503,450",,"1900,700",,"1900,1000",,"562,457",,,,"500,250",,,"600,1000","1111,222",,"2000,300","900,1250",,,"2041,1104",,"2050,800",,,,"1801,240",,"2099,1319",,,"930,271",,
,,,,,"1475,423","1452,440",,"1900,300",,"1900,300",,"695,209",,,,"500,300",,,"600,1000","600,222",,"1900,300","1200,1250",,,"1789,1243",,"2050,400",,,,"1979,469",,"2033,1343",,,"940,293",,
,,,,,"1377,319","1353,407",,"1100,250",,"1300,200",,"1463,176",,,,"500,250",,,"600,1200","600,350",,"1250,250","900,1250",,,"1194,1236",,"2050,275",,,,"1932,879",,"2033,1343",,,"685,496",,
,,,,,"1620,343","1071,465",,"1900,1000",,"1900,800",,,,,,,,,"600,1000","600,350",,"1250,250","600,900",,,,,"2050,275",,,,"2095,1131",,"2190,863",,,"899,332",,
,,,,,"1786,503","917,499",,"1900,1000",,"1900,800",,,,,,,,,"600,1000","600,350",,"600,300","600,300",,,,,"1200,150",,,,"2200,993",,"1859,530 ?",,,"590,521",,
,,,,,"1798,557","918,499",,"2200,900",,"1900,800",,,,,,,,,"600,300","600,350",,"600,300","600,300",,,,,"600,150",,,,"1791,1060",,"1874,532",,,"515,836",,
,,,,,"1605,364","994,494",,"2200,900",,"1900,800",,,,,,,,,"600,1000 dangereux","600,350",,"1250,250","600,300",,,,,"600,900",,,,"748,1093",,"2121,451",,,"511,1071",,
,,,,,"1675,439","987,504",,"1900,300",,"1900,800",,,,,,,,,"1111,222","600,350",,"2000,300","600,300",,,,,"519,1175 new",,,,"788,1177",,"2082,439",,,"511,1071",,
,,,,,"1755,886","1030,522",,"1300,200",,"1900,800",,,,,,,,,"1111,222","600,700",,"2000,400",,,,,,"362,844",,,,"766,1217",,"1228,192",,,"511,1071",,
,,,,,"1748,911","1224,353",,"1300,200",,"1900,1000",,,,,,,,,"1111,222","1300,1145",,"2000,400",,,,,,"531,280",,,,"1489,1196",,"1010,256",,,"511,1071",,
,,,,,"1517,998","1218,438",,"1111,250",,"1300,200",,,,,,,,,"600,222","400,1111",,"2000,400",,,,,,"783,179",,,,"1489,1196",,"2050,429",,,"511,1071",,
,,,,,"1415,1018","914,511",,"1111,250",,"1900,800",,,,,,,,,"1111,222","400,1111",,"2000,400",,,,,,"1206,148",,,,"1489,1196",,"1979,241",,,"511,1071",,
,,,,,"1377,1039","897,673",,"600,300",,"1900,800",,,,,,,,,"600,222","2000,1111",,"1900,1200",,,,,,"1587,155",,,,"1616,1217",,,,,"511,1071",,
,,,,,"1456,1058","924,846",,"400,700",,"1900,800",,,,,,,,,"600,222","1300,1145",,"2000,300",,,,,,"1999,342",,,,"1275,1166",,,,,"856,229",,
,,,,,"1367,1093","1065,979",,"400,700",,"1900,800",,,,,,,,,"600,350","1623,1250",,"1250,250",,,,,,"2211,737",,,,"1114,1169",,,,,"1170,194",,
,,,,,"1554,1119","1091,971",,"1300,200",,"1900,800",,,,,,,,,"600,350","1623,1250",,"1700,250",,,,,,"2214,734",,,,"899,1170",,,,,"791,234",,
,,,,,"1681,1099","1091,971",,"1300,200",,"1900,800",,,,,,,,,"600,350","1200,222",,"1700,250",,,,,,"2233,821",,,,"580,1073",,,,,"791,234",,
,,,,,"1650,1099","963,878",,"400,700",,"1300,200",,,,,,,,,"600,700","810,280",,"1700,250",,,,,,"2227,968",,,,"548,1128",,,,,"1751,224",,
,,,,,"1640,1132","854,744",,"400,700",,"1300,200",,,,,,,,,"400,1111","810,280",,"1900,1200",,,,,,"2227,968",,,,"1664,1201",,,,,"1751,224",,
,,,,,"1404,1145","870,880",,"400,700",,"700,300",,,,,,,,,"400,1111","810,280",,"2000,400 pas fou",,,,,,"2227,665",,,,"2074,1063",,,,,"1751,224",,
,,,,,"1068,1143","1017,979",,"400,1111",,"700,300",,,,,,,,,"1300,1145","810,480",,"1700,250",,,,,,"2227,665",,,,"2074,1063",,,,,"1689,741",,
,,,,,"927,1073","813,770",,,,"700,700",,,,,,,,,"1300,1145","600,222",,"2000,300",,,,,,"1454,1188",,,,"2178,823",,,,,"2156,966",,
,,,,,"798,948","769,657",,,,"700,700",,,,,,,,,"1623,1250","600,222",,"1250,250",,,,,,"2010,876",,,,,,,,,"2061,600",,
,,,,,"846,733","909,801",,,,"700,700",,,,,,,,,"1623,1250","600,222",,"400,800",,,,,,"2052,1098",,,,,,,,,"1739,291",,
,,,,,"858,755","909,804",,,,"1300,200",,,,,,,,,"1300,1145","1300,222",,"900,1111",,,,,,"2052,1098",,,,,,,,,"2166,974",,
,,,,,"926,857","925,826",,,,"700,300",,,,,,,,,"1200,222","1300,222",,"900,1111",,,,,,"2182,690",,,,,,,,,"2030,566",,
,,,,,"993,1000","731,680",,,,"1300,200",,,,,,,,,"810,280","1300,222",,"660,660",,,,,,"1957,226",,,,,,,,,"1849,317",,
,,,,,"1014,1036","822,814",,,,"700,300",,,,,,,,,"810,280","2200,600",,"700,400",,,,,,"1957,226",,,,,,,,,"2192,629",,
,,,,,"771,742","929,947",,,,"700,700",,,,,,,,,"810,280","2200,600",,"900,1250",,,,,,"1901,413 en trop",,,,,,,,,"2034,428",,
,,,,,"1067,1159","927,947",,,,"700,700",,,,,,,,,"810,480","2200,600",,"600,900",,,,,,"2235,915 en trop",,,,,,,,,,,
,,,,,"1056,1162","927,947",,,,"700,700",,,,,,,,,"600,222","2200,600",,"600,500",,,,,,"716,542",,,,,,,,,,,
,,,,,"803,1077","940,944",,,,"700,1000",,,,,,,,,"600,222","1900,1150",,"600,900",,,,,,"521,555",,,,,,,,,,,
,,,,,"882,1101","920,906",,,,"700,1000",,,,,,,,,"600,222","1900,1150",,"900,1200",,,,,,"1174,117",,,,,,,,,,,
,,,,,"1000,1054","920,906",,,,"700,1000",,,,,,,,,"1300,222","1900,1150",,"800,1200",,,,,,"1174,117",,,,,,,,,,,
,,,,,"638,709","920,906",,,,"1300,1100",,,,,,,,,"1300,222","1900,1150",,"600,1100",,,,,,"1174,117",,,,,,,,,,,
,,,,,"698,573","920,906",,,,"1300,1100",,,,,,,,,"1300,222","1530,1150",,"600,900",,,,,,"1998,318",,,,,,,,,,,
,,,,,"567,424","1374,1089",,,,,,,,,,,,,"2200,600 Ctrl C","1900,1150",,"600,500",,,,,,"2135,1122",,,,,,,,,,,
,,,,,"815,1111","1417,1062",,,,,,,,,,,,,"2200,600","1900,1150",,"600,500",,,,,,"2340,606",,,,,,,,,,,
,,,,,"507,769","1419,1062",,,,,,,,,,,,,"2200,600","1900,1150",,"1400,250",,,,,,"1601,250",,,,,,,,,,,
,,,,,"903,1108","1488,1032",,,,,,,,,,,,,"1900,1150","2000,1150",,"1600,222",,,,,,"2250,593",,,,,,,,,,,
,,,,,"906,1091","1139,363",,,,,,,,,,,,,"1900,1150","2000,1150",,"1800,400",,,,,,"1386,231",,,,,,,,,,,
,,,,,"948,1108","1140,366",,,,,,,,,,,,,"1900,1150","2000,1150",,"2200,800",,,,,,"666,234",,,,,,,,,,,
,,,,,"761,1056","1140,366",,,,,,,,,,,,,"1900,1150","1900,1150",,"1700,250",,,,,,"319,583",,,,,,,,,,,
,,,,,"951,1133","1046,425",,,,,,,,,,,,,"1530,1150",,,"1900,250",,,,,,"254,1016",,,,,,,,,,,
,,,,,"975,1097","986,435",,,,,,,,,,,,,"1900,1150",,,"1900,250",,,,,,"411,489",,,,,,,,,,,
,,,,,"861,985","968,451",,,,,,,,,,,,,"1900,1150",,,"1000,250",,,,,,"512,234",,,,,,,,,,,
,,,,,"758,828","873,549",,,,,,,,,,,,,"1900,1150",,,"600,700",,,,,,"1129,168",,,,,,,,,,,
,,,,,"1935,717","1002,504",,,,,,,,,,,,,"2000,1150",,,"600,300",,,,,,"1363,168",,,,,,,,,,,
,,,,,"1767,351","1039,507",,,,,,,,,,,,,"2000,1150",,,"600,800",,,,,,"1610,232",,,,,,,,,,,
,,,,,"1770,422","1025,422",,,,,,,,,,,,,"2000,1150",,,"600,1000",,,,,,"2073,639",,,,,,,,,,,
,,,,,"1757,518","1025,422",,,,,,,,,,,,,"1900,1150",,,"600,500",,,,,,"1951,1037",,,,,,,,,,,
,,,,,"1755,755","1305,405",,,,,,,,,,,,,,,,"600,900",,,,,,"2268,759",,,,,,,,,,,
,,,,,"1861,811","1629,430",,,,,,,,,,,,,,,,"1000,1111",,,,,,"2182,568",,,,,,,,,,,
,,,,,"1860,811","1698,507",,,,,,,,,,,,,,,,"800,1111",,,,,,"2110,580",,,,,,,,,,,
,,,,,"1835,798","1698,507",,,,,,,,,,,,,,,,"1200,1250",,,,,,"615,1254",,,,,,,,,,,
,,,,,"1786,554","1685,503",,,,,,,,,,,,,,,,"900,1250",,,,,,"1528,1104",,,,,,,,,,,
,,,,,"1763,700","1605,447",,,,,,,,,,,,,,,,"600,500",,,,,,"1861,1286",,,,,,,,,,,
,,,,,"1544,1010","1544,425",,,,,,,,,,,,,,,,"600,300",,,,,,"1910,1222",,,,,,,,,,,
,,,,,"1635,910","1427,395",,,,,,,,,,,,,,,,"1500,250",,,,,,"2055,1220",,,,,,,,,,,
,,,,,"1648,877","1554,432",,,,,,,,,,,,,,,,"1500,250",,,,,,"2055,1220",,,,,,,,,,,
,,,,,"1752,684","1554,432",,,,,,,,,,,,,,,,"720,1250",,,,,,"1467,1206",,,,,,,,,,,
,,,,,"1711,658","1557,432",,,,,,,,,,,,,,,,"950,1250",,,,,,"680,1235",,,,,,,,,,,
,,,,,"1711,658","1609,451",,,,,,,,,,,,,,,,"1050,1250",,,,,,"2042,1247",,,,,,,,,,,
,,,,,"1752,609","1593,507",,,,,,,,,,,,,,,,"500,1050danger",,,,,,"1863,1273",,,,,,,,,,,
,,,,,"1733,544","1547,426",,,,,,,,,,,,,,,,"700,450",,,,,,"2092,1062",,,,,,,,,,,
,,,,,"1755,385","1614,804",,,,,,,,,,,,,,,,"1400,250",,,,,,"1617,226",,,,,,,,,,,
,,,,,"1695,391","1606,915",,,,,,,,,,,,,,,,"1400,250",,,,,,"1469,279",,,,,,,,,,,
,,,,,"1620,454","1837,779",,,,,,,,,,,,,,,,"1400,250",,,,,,"1933,1221",,,,,,,,,,,
,,,,,"1777,667","1669,735",,,,,,,,,,,,,,,,"1600,250",,,,,,"2156,1160",,,,,,,,,,,
,,,,,"1769,666","1679,855",,,,,,,,,,,,,,,,"1400,250",,,,,,"2047,1181",,,,,,,,,,,
,,,,,"1809,817","1629,919",,,,,,,,,,,,,,,,"1100,250",,,,,,"1836,368",,,,,,,,,,,
,,,,,"1819,817","1565,963",,,,,,,,,,,,,,,,"1100,250",,,,,,"1411,177",,,,,,,,,,,
,,,,,"1963,649","1617,957",,,,,,,,,,,,,,,,"800,250",,,,,,"1658,321",,,,,,,,,,,
,,,,,"1860,474","1577,947",,,,,,,,,,,,,,,,"600,400",,,,,,,,,,,,,,,,,
,,,,,"1724,499","1451,924",,,,,,,,,,,,,,,,"600,400",,,,,,,,,,,,,,,,,
,,,,,"1806,676","1406,925",,,,,,,,,,,,,,,,"600,300",,,,,,,,,,,,,,,,,
,,,,,"1806,835","1261,1066",,,,,,,,,,,,,,,,"600,300",,,,,,,,,,,,,,,,,
,,,,,"1701,1015","1264,1064",,,,,,,,,,,,,,,,"600,700",,,,,,,,,,,,,,,,,
,,,,,"1610,1150","1707,429",,,,,,,,,,,,,,,,"600,700",,,,,,,,,,,,,,,,,
,,,,,"1548,1183","1652,420",,,,,,,,,,,,,,,,"600,1111",,,,,,,,,,,,,,,,,
,,,,,"1325,1220","1657,359",,,,,,,,,,,,,,,,"600,1111",,,,,,,,,,,,,,,,,
,,,,,"540,979","1443,365",,,,,,,,,,,,,,,,"600,1111",,,,,,,,,,,,,,,,,
,,,,,"648,1058","1437,381",,,,,,,,,,,,,,,,"700,1111",,,,,,,,,,,,,,,,,
,,,,,"681,1092","1657,502",,,,,,,,,,,,,,,,"800,1250",,,,,,,,,,,,,,,,,
,,,,,"864,1090","1704,595",,,,,,,,,,,,,,,,"800,1250",,,,,,,,,,,,,,,,,
,,,,,"705,876","1761,617",,,,,,,,,,,,,,,,"800,1250",,,,,,,,,,,,,,,,,
,,,,,"798,1009","1806,634",,,,,,,,,,,,,,,,,,,,,,,,,,,,,,,,,
,,,,,"798,994","1722,518",,,,,,,,,,,,,,,,,,,,,,,,,,,,,,,,,
,,,,,"708,739","1318,1110",,,,,,,,,,,,,,,,,,,,,,,,,,,,,,,,,
,,,,,,"1371,1077",,,,,,,,,,,,,,,,,,,,,,,,,,,,,,,,,
,,,,,,"1522,969",,,,,,,,,,,,,,,,,,,,,,,,,,,,,,,,,
,,,,,,"1590,927",,,,,,,,,,,,,,,,,,,,,,,,,,,,,,,,,
,,,,,,"1584,934",,,,,,,,,,,,,,,,,,,,,,,,,,,,,,,,,
,,,,,,"1434,961",,,,,,,,,,,,,,,,,,,,,,,,,,,,,,,,,
,,,,,,"1509,991",,,,,,,,,,,,,,,,,,,,,,,,,,,,,,,,,
,,,,,,"1644,923",,,,,,,,,,,,,,,,,,,,,,,,,,,,,,,,,
,,,,,,"1677,866",,,,,,,,,,,,,,,,,,,,,,,,,,,,,,,,,
,,,,,,"1656,737",,,,,,,,,,,,,,,,,,,,,,,,,,,,,,,,,
,,,,,,"1707,590",,,,,,,,,,,,,,,,,,,,,,,,,,,,,,,,,
,,,,,,"1626,501",,,,,,,,,,,,,,,,,,,,,,,,,,,,,,,,,
,,,,,,"1502,453",,,,,,,,,,,,,,,,,,,,,,,,,,,,,,,,,
,,,,,,"1380,413",,,,,,,,,,,,,,,,,,,,,,,,,,,,,,,,,
,,,,,,"1287,928",,,,,,,,,,,,,,,,,,,,,,,,,,,,,,,,,
,,,,,,"1229,1033",,,,,,,,,,,,,,,,,,,,,,,,,,,,,,,,,
,,,,,,"1275,1053",,,,,,,,,,,,,,,,,,,,,,,,,,,,,,,,,
,,,,,,"1384,1040",,,,,,,,,,,,,,,,,,,,,,,,,,,,,,,,,
,,,,,,"1492,1007",,,,,,,,,,,,,,,,,,,,,,,,,,,,,,,,,
,,,,,,"1731,805",,,,,,,,,,,,,,,,,,,,,,,,,,,,,,,,,
,,,,,,"1658,1008",,,,,,,,,,,,,,,,,,,,,,,,,,,,,,,,,
,,,,,,"1605,1083",,,,,,,,,,,,,,,,,,,,,,,,,,,,,,,,,
,,,,,,"1635,1035",,,,,,,,,,,,,,,,,,,,,,,,,,,,,,,,,
,,,,,,"1668,921",,,,,,,,,,,,,,,,,,,,,,,,,,,,,,,,,
,,,,,,"1704,872",,,,,,,,,,,,,,,,,,,,,,,,,,,,,,,,,
,,,,,,"1676,915",,,,,,,,,,,,,,,,,,,,,,,,,,,,,,,,,
,,,,,,"1653,937",,,,,,,,,,,,,,,,,,,,,,,,,,,,,,,,,
,,,,,,"1583,935",,,,,,,,,,,,,,,,,,,,,,,,,,,,,,,,,
,,,,,,"1583,935",,,,,,,,,,,,,,,,,,,,,,,,,,,,,,,,,
,,,,,,"1695,819",,,,,,,,,,,,,,,,,,,,,,,,,,,,,,,,,
,,,,,,"1727,741",,,,,,,,,,,,,,,,,,,,,,,,,,,,,,,,,
,,,,,,"1700,705",,,,,,,,,,,,,,,,,,,,,,,,,,,,,,,,,
,,,,,,"1667,714",,,,,,,,,,,,,,,,,,,,,,,,,,,,,,,,,
,,,,,,"1602,814",,,,,,,,,,,,,,,,,,,,,,,,,,,,,,,,,
,,,,,,"1603,814",,,,,,,,,,,,,,,,,,,,,,,,,,,,,,,,,
,,,,,,"1603,814",,,,,,,,,,,,,,,,,,,,,,,,,,,,,,,,,
,,,,,,"1565,835",,,,,,,,,,,,,,,,,,,,,,,,,,,,,,,,,
,,,,,,"1642,789",,,,,,,,,,,,,,,,,,,,,,,,,,,,,,,,,
,,,,,,"1675,645",,,,,,,,,,,,,,,,,,,,,,,,,,,,,,,,,
,,,,,,"1547,494",,,,,,,,,,,,,,,,,,,,,,,,,,,,,,,,,
,,,,,,"1455,341",,,,,,,,,,,,,,,,,,,,,,,,,,,,,,,,,
,,,,,,"1239,383",,,,,,,,,,,,,,,,,,,,,,,,,,,,,,,,,
,,,,,,"1213,345",,,,,,,,,,,,,,,,,,,,,,,,,,,,,,,,,
,,,,,,"1050,474",,,,,,,,,,,,,,,,,,,,,,,,,,,,,,,,,
,,,,,,"903,528",,,,,,,,,,,,,,,,,,,,,,,,,,,,,,,,,
,,,,,,"874,567",,,,,,,,,,,,,,,,,,,,,,,,,,,,,,,,,
,,,,,,"936,636",,,,,,,,,,,,,,,,,,,,,,,,,,,,,,,,,
,,,,,,"903,696",,,,,,,,,,,,,,,,,,,,,,,,,,,,,,,,,